counter,time,sopr max rate,sopr aver rate,prefecber,esnrmin,esnrmax,esnraver,dgdmin,dgdmax,dgdaver,csrmin,csrmax,csraver
0,19:43:10,715.6,114.5,4.37E-04,17.17,17.27,17.21,0,5.2,2.1,0.00E+00,1.39E-08,2.75E-11
1,19:43:11,715.6,103.8,4.17E-04,17.25,17.25,17.25,0.2,0.2,0.2,0.00E+00,0.00E+00,0.00E+00
4,19:43:13,715.6,121.3,4.17E-04,17.24,17.26,17.24,1.9,3.9,2.9,0.00E+00,0.00E+00,0.00E+00
5,19:43:14,715.6,102.6,4.27E-04,17.23,17.24,17.23,3.5,3.5,3.5,0.00E+00,0.00E+00,0.00E+00
8,19:43:16,715.6,124.4,4.27E-04,17.23,17.23,17.23,0.8,3.2,2,0.00E+00,0.00E+00,0.00E+00
12,19:43:18,715.6,109,4.07E-04,17.23,17.27,17.24,0.5,0.5,0.5,0.00E+00,0.00E+00,0.00E+00
13,19:43:19,715.6,91.4,4.07E-04,17.25,17.27,17.26,1.1,1.1,1.1,0.00E+00,0.00E+00,0.00E+00
14,19:43:20,715.6,109.6,4.17E-04,17.24,17.25,17.24,1,1,1,0.00E+00,0.00E+00,0.00E+00
15,19:43:21,715.6,65.2,4.17E-04,17.25,17.25,17.25,1.5,1.5,1.5,0.00E+00,0.00E+00,0.00E+00
21,19:43:25,715.6,112.6,4.37E-04,17.22,17.26,17.24,3.3,3.3,3.3,0.00E+00,0.00E+00,0.00E+00
23,19:43:26,715.6,127.8,4.17E-04,17.23,17.24,17.23,5,5,5,0.00E+00,0.00E+00,0.00E+00
24,19:43:27,715.6,112.8,4.17E-04,17.24,17.24,17.24,4.3,4.3,4.3,0.00E+00,0.00E+00,0.00E+00
26,19:43:28,715.6,122.4,4.27E-04,17.24,17.24,17.24,4.6,4.6,4.6,0.00E+00,0.00E+00,0.00E+00
27,19:43:29,715.6,100.6,4.27E-04,17.23,17.24,17.23,4.9,4.9,4.9,0.00E+00,0.00E+00,0.00E+00
30,19:43:31,715.6,108.4,4.17E-04,17.23,17.26,17.23,1.7,1.7,1.7,0.00E+00,0.00E+00,0.00E+00
31,19:43:32,715.6,107.4,4.17E-04,17.25,17.26,17.25,2.6,2.6,2.6,0.00E+00,0.00E+00,0.00E+00
34,19:43:34,715.6,129.1,4.27E-04,17.22,17.25,17.23,1.2,2.5,1.8,0.00E+00,0.00E+00,0.00E+00
38,19:43:36,715.6,115.6,4.27E-04,17.21,17.22,17.21,3.7,3.7,3.7,0.00E+00,0.00E+00,0.00E+00
39,19:43:37,715.6,107.6,4.37E-04,17.21,17.22,17.21,1.5,1.5,1.5,0.00E+00,0.00E+00,0.00E+00
41,19:43:39,715.6,136.6,4.27E-04,17.21,17.22,17.21,0.3,1.9,1.1,0.00E+00,0.00E+00,0.00E+00
42,19:43:40,715.6,92.6,4.37E-04,17.21,17.22,17.21,2.2,2.2,2.2,0.00E+00,7.05E-09,7.05E-10
45,19:43:42,715.6,116.2,4.37E-04,17.21,17.22,17.21,3.7,3.7,3.7,0.00E+00,0.00E+00,0.00E+00
51,19:43:45,715.6,112,4.27E-04,17.21,17.23,17.21,1.9,1.9,1.9,0.00E+00,0.00E+00,0.00E+00
52,19:43:46,715.6,143.8,4.27E-04,17.23,17.24,17.23,0.6,0.6,0.6,0.00E+00,0.00E+00,0.00E+00
55,19:43:48,99,99,4.37E-04,17.22,17.22,17.22,1.9,2.5,2.2,0.00E+00,0.00E+00,0.00E+00
56,19:43:49,715.6,117.6,4.27E-04,17.22,17.24,17.22,3.8,3.8,3.8,0.00E+00,0.00E+00,0.00E+00
59,19:43:51,715.6,121.2,4.37E-04,17.2,17.24,17.21,1.9,3.3,2.6,0.00E+00,0.00E+00,0.00E+00
63,19:43:53,715.6,116,4.47E-04,17.2,17.22,17.21,2.7,2.7,2.7,0.00E+00,0.00E+00,0.00E+00
64,19:43:54,715.6,117.8,4.37E-04,17.2,17.22,17.2,4.2,4.2,4.2,0.00E+00,0.00E+00,0.00E+00
66,19:43:55,715.6,129,4.27E-04,17.2,17.22,17.2,0.3,0.3,0.3,0.00E+00,7.01E-09,4.67E-10
67,19:43:56,715.6,90.6,4.27E-04,17.23,17.23,17.23,2.8,2.8,2.8,0.00E+00,0.00E+00,0.00E+00
70,19:43:58,715.6,101,4.37E-04,17.21,17.23,17.21,5.2,5.2,5.2,0.00E+00,0.00E+00,0.00E+00
71,19:43:59,715.6,122.6,4.37E-04,17.21,17.22,17.21,2.9,2.9,2.9,0.00E+00,0.00E+00,0.00E+00
74,19:44:01,715.6,106.4,4.37E-04,17.21,17.22,17.21,0.6,2,1.3,0.00E+00,0.00E+00,0.00E+00
76,19:44:02,715.6,103.8,4.47E-04,17.19,17.21,17.2,1.8,1.8,1.8,0.00E+00,0.00E+00,0.00E+00
78,19:44:03,715.6,130.2,4.47E-04,17.19,17.19,17.19,0.7,0.7,0.7,0.00E+00,0.00E+00,0.00E+00
79,19:44:04,715.6,99.4,4.47E-04,17.19,17.21,17.2,2.6,2.6,2.6,0.00E+00,0.00E+00,0.00E+00
82,19:44:06,715.6,123.4,4.37E-04,17.21,17.23,17.22,0.1,0.1,0.1,0.00E+00,0.00E+00,0.00E+00
83,19:44:07,715.6,104.4,4.37E-04,17.2,17.21,17.2,2.5,2.5,2.5,0.00E+00,0.00E+00,0.00E+00
85,19:44:08,715.6,108.6,4.27E-04,17.2,17.22,17.21,4.5,4.5,4.5,0.00E+00,0.00E+00,0.00E+00
89,19:44:11,100.8,100.8,4.37E-04,17.22,17.22,17.22,0.2,0.2,0.2,0.00E+00,0.00E+00,0.00E+00
90,19:44:12,715.6,134,4.27E-04,17.22,17.23,17.22,1.6,1.6,1.6,0.00E+00,0.00E+00,0.00E+00
93,19:44:13,715.6,105.4,4.37E-04,17.22,17.23,17.22,2.5,2.5,2.5,0.00E+00,6.82E-09,4.26E-10
94,19:44:14,715.6,145.4,4.37E-04,17.22,17.22,17.22,2.8,2.8,2.8,0.00E+00,0.00E+00,0.00E+00
97,19:44:16,193.6,193.6,4.27E-04,17.22,17.23,17.22,2.6,2.6,2.6,0.00E+00,0.00E+00,0.00E+00
98,19:44:17,715.6,136.6,4.27E-04,17.23,17.24,17.23,2.9,2.9,2.9,0.00E+00,0.00E+00,0.00E+00
100,19:44:18,715.6,126.2,4.27E-04,17.23,17.24,17.23,3.1,3.1,3.1,0.00E+00,0.00E+00,0.00E+00
102,19:44:20,715.6,126.8,4.27E-04,17.22,17.23,17.22,0.1,0.1,0.1,0.00E+00,0.00E+00,0.00E+00
104,19:44:22,715.6,112.8,4.27E-04,17.22,17.24,17.23,2.5,2.5,2.5,0.00E+00,0.00E+00,0.00E+00
110,19:44:26,715.6,155.5,4.27E-04,17.21,17.24,17.21,1,1.8,1.4,0.00E+00,0.00E+00,0.00E+00
112,19:44:27,715.6,118.4,4.47E-04,17.21,17.21,17.21,2.9,2.9,2.9,0.00E+00,0.00E+00,0.00E+00
113,19:44:28,715.6,124.4,4.37E-04,17.21,17.21,17.21,2.3,2.3,2.3,0.00E+00,0.00E+00,0.00E+00
115,19:44:29,715.6,126.2,4.47E-04,17.21,17.21,17.21,3.5,3.5,3.5,0.00E+00,0.00E+00,0.00E+00
116,19:44:30,715.6,123.4,4.47E-04,17.19,17.21,17.2,1.9,1.9,1.9,0.00E+00,0.00E+00,0.00E+00
119,19:44:32,715.6,126.4,4.27E-04,17.19,17.23,17.21,4,4,4,0.00E+00,0.00E+00,0.00E+00
120,19:44:33,715.6,116.6,4.37E-04,17.21,17.23,17.22,1.8,1.8,1.8,0.00E+00,0.00E+00,0.00E+00
123,19:44:35,715.6,116.7,4.27E-04,17.21,17.22,17.21,1,2.6,1.8,0.00E+00,0.00E+00,0.00E+00
125,19:44:36,715.6,111,4.37E-04,17.21,17.22,17.21,2.9,2.9,2.9,0.00E+00,0.00E+00,0.00E+00
126,19:44:37,715.6,108.2,4.27E-04,17.21,17.23,17.21,1.3,1.3,1.3,0.00E+00,0.00E+00,0.00E+00
127,19:44:38,715.6,121.4,4.27E-04,17.23,17.23,17.23,0.4,0.4,0.4,0.00E+00,0.00E+00,0.00E+00
128,19:44:39,715.6,113,4.27E-04,17.22,17.23,17.22,1,1,1,0.00E+00,0.00E+00,0.00E+00
136,19:44:44,715.6,113.6,4.37E-04,17.21,17.24,17.22,2.9,2.9,2.9,0.00E+00,0.00E+00,0.00E+00
138,19:44:45,715.6,125.2,4.17E-04,17.21,17.23,17.22,3.2,3.2,3.2,0.00E+00,0.00E+00,0.00E+00
139,19:44:46,715.6,117.2,4.27E-04,17.23,17.23,17.23,2.9,2.9,2.9,0.00E+00,0.00E+00,0.00E+00
142,19:44:48,715.6,117.8,4.37E-04,17.2,17.23,17.21,0.1,3.1,1.6,0.00E+00,0.00E+00,0.00E+00
146,19:44:50,715.6,111.6,4.17E-04,17.2,17.24,17.22,4.2,4.2,4.2,0.00E+00,0.00E+00,0.00E+00
147,19:44:51,715.6,134.4,4.27E-04,17.22,17.24,17.23,1.2,1.2,1.2,0.00E+00,0.00E+00,0.00E+00
149,19:44:52,715.6,119.6,4.37E-04,17.22,17.23,17.22,0.2,0.2,0.2,0.00E+00,0.00E+00,0.00E+00
153,19:44:55,715.6,103.2,4.07E-04,17.22,17.26,17.23,1.9,1.9,1.9,0.00E+00,0.00E+00,0.00E+00
154,19:44:56,715.6,141,4.17E-04,17.23,17.26,17.24,2.8,2.8,2.8,0.00E+00,0.00E+00,0.00E+00
157,19:44:58,715.6,103.6,4.17E-04,17.23,17.24,17.23,2.8,3.3,3,0.00E+00,0.00E+00,0.00E+00
159,19:44:59,715.6,115.6,4.27E-04,17.24,17.24,17.24,4.5,4.5,4.5,0.00E+00,0.00E+00,0.00E+00
161,19:45:00,715.6,132,4.27E-04,17.23,17.24,17.23,0.6,0.6,0.6,0.00E+00,0.00E+00,0.00E+00
165,19:45:03,97.2,97.2,4.27E-04,17.25,17.25,17.25,2.3,2.3,2.3,0.00E+00,0.00E+00,0.00E+00
166,19:45:04,715.6,119.4,4.07E-04,17.25,17.25,17.25,3.2,3.2,3.2,0.00E+00,0.00E+00,0.00E+00
169,19:45:06,715.6,129.3,4.27E-04,17.2,17.25,17.22,0.4,2.6,1.5,0.00E+00,0.00E+00,0.00E+00
173,19:45:08,715.6,113.8,4.37E-04,17.2,17.23,17.2,1.5,1.5,1.5,0.00E+00,0.00E+00,0.00E+00
174,19:45:09,715.6,111,4.27E-04,17.23,17.23,17.23,3.2,3.2,3.2,0.00E+00,0.00E+00,0.00E+00
177,19:45:11,715.6,108.6,4.47E-04,17.19,17.23,17.2,0.6,1.7,1.1,0.00E+00,0.00E+00,0.00E+00
178,19:45:12,715.6,116,4.47E-04,17.19,17.21,17.19,0.7,0.7,0.7,0.00E+00,0.00E+00,0.00E+00
181,19:45:13,715.6,123.2,4.37E-04,17.21,17.23,17.22,1.2,3.2,2.2,0.00E+00,0.00E+00,0.00E+00
185,19:45:16,113.2,113.2,4.47E-04,17.19,17.21,17.19,1.2,1.2,1.2,0.00E+00,6.84E-09,3.80E-10
186,19:45:17,715.6,154,4.37E-04,17.19,17.22,17.19,2.5,2.5,2.5,0.00E+00,0.00E+00,0.00E+00
187,19:45:19,715.6,133.8,4.37E-04,17.2,17.21,17.2,4.5,4.5,4.5,0.00E+00,0.00E+00,0.00E+00
189,19:45:21,715.6,123.8,4.37E-04,17.19,17.2,17.19,2.2,2.2,2.2,0.00E+00,0.00E+00,0.00E+00
197,19:45:25,715.6,103,4.47E-04,17.18,17.2,17.18,2.3,2.4,2.3,0.00E+00,0.00E+00,0.00E+00
199,19:45:27,715.6,144.2,4.37E-04,17.2,17.22,17.2,2.5,2.5,2.5,0.00E+00,0.00E+00,0.00E+00
200,19:45:28,715.6,127,4.37E-04,17.22,17.22,17.22,2.1,2.1,2.1,0.00E+00,0.00E+00,0.00E+00
203,19:45:30,715.6,128.6,4.37E-04,17.21,17.22,17.21,2.2,2.2,2.2,0.00E+00,0.00E+00,0.00E+00
205,19:45:31,715.6,144,4.27E-04,17.21,17.23,17.21,3.3,3.3,3.3,0.00E+00,0.00E+00,0.00E+00
207,19:45:32,715.6,104.4,4.37E-04,17.21,17.23,17.21,3.9,3.9,3.9,0.00E+00,0.00E+00,0.00E+00
211,19:45:35,715.6,109.4,4.27E-04,17.22,17.23,17.22,1.1,1.1,1.1,0.00E+00,0.00E+00,0.00E+00
212,19:45:36,715.6,129.6,4.27E-04,17.23,17.24,17.23,2.5,2.5,2.5,0.00E+00,0.00E+00,0.00E+00
214,19:45:38,715.6,128.2,4.37E-04,17.21,17.24,17.22,0.4,1,0.7,0.00E+00,0.00E+00,0.00E+00
216,19:45:40,715.6,111.2,4.37E-04,17.21,17.23,17.21,1.5,1.5,1.5,0.00E+00,0.00E+00,0.00E+00
217,19:45:41,715.6,115.6,4.27E-04,17.23,17.24,17.23,1.2,2.1,1.6,0.00E+00,0.00E+00,0.00E+00
227,19:45:46,715.6,116.4,4.37E-04,17.2,17.24,17.21,0.4,1.6,1,0.00E+00,0.00E+00,0.00E+00
231,19:45:49,715.6,123.8,4.37E-04,17.19,17.21,17.19,4.1,4.1,4.1,0.00E+00,0.00E+00,0.00E+00
232,19:45:50,715.6,114,4.37E-04,17.2,17.21,17.2,3.3,3.3,3.3,0.00E+00,0.00E+00,0.00E+00
235,19:45:52,715.6,109.7,4.57E-04,17.18,17.2,17.18,1.6,3,2.3,0.00E+00,0.00E+00,0.00E+00
237,19:45:53,715.6,138.2,4.47E-04,17.18,17.19,17.18,1.9,1.9,1.9,0.00E+00,0.00E+00,0.00E+00
239,19:45:54,715.6,135.8,4.37E-04,17.19,17.21,17.2,1,4.2,2.6,0.00E+00,0.00E+00,0.00E+00
243,19:45:57,715.6,96,4.57E-04,17.17,17.21,17.19,0.2,0.2,0.2,0.00E+00,0.00E+00,0.00E+00
244,19:45:58,715.6,131,4.57E-04,17.17,17.18,17.17,1.7,1.7,1.7,0.00E+00,0.00E+00,0.00E+00
247,19:46:00,715.6,111.6,4.47E-04,17.18,17.2,17.19,2.5,3.5,3,0.00E+00,0.00E+00,0.00E+00
251,19:46:02,118.8,118.8,4.47E-04,17.19,17.21,17.19,2.4,2.4,2.4,0.00E+00,0.00E+00,0.00E+00
252,19:46:03,715.6,126,4.37E-04,17.21,17.21,17.21,3.4,3.4,3.4,0.00E+00,0.00E+00,0.00E+00
254,19:46:04,715.6,95.6,4.47E-04,17.2,17.21,17.2,2.8,2.8,2.8,0.00E+00,0.00E+00,0.00E+00
256,19:46:06,715.6,123.4,4.37E-04,17.21,17.21,17.21,4.5,4.5,4.5,0.00E+00,0.00E+00,0.00E+00
258,19:46:07,715.6,91.6,4.57E-04,17.19,17.21,17.19,4.8,4.8,4.8,0.00E+00,0.00E+00,0.00E+00
259,19:46:08,715.6,104,4.57E-04,17.18,17.19,17.18,3.8,3.8,3.8,0.00E+00,0.00E+00,0.00E+00
262,19:46:10,127.4,127.4,4.57E-04,17.17,17.17,17.17,2.4,2.4,2.4,0.00E+00,0.00E+00,0.00E+00
263,19:46:11,715.6,91.6,4.57E-04,17.17,17.18,17.17,0.9,0.9,0.9,0.00E+00,0.00E+00,0.00E+00
266,19:46:13,715.6,96.2,4.47E-04,17.18,17.19,17.18,3.4,5.2,4.3,0.00E+00,0.00E+00,0.00E+00
270,19:46:15,715.6,99,4.68E-04,17.17,17.19,17.17,2.6,2.6,2.6,0.00E+00,0.00E+00,0.00E+00
271,19:46:16,715.6,126,4.57E-04,17.17,17.19,17.17,0,0,0,0.00E+00,0.00E+00,0.00E+00
273,19:46:17,177,177,4.68E-04,17.19,17.2,17.19,2.9,2.9,2.9,0.00E+00,0.00E+00,0.00E+00
274,19:46:18,715.6,109.2,4.68E-04,17.17,17.17,17.17,2.2,2.2,2.2,0.00E+00,0.00E+00,0.00E+00
275,19:46:19,715.6,103.8,4.68E-04,17.16,17.17,17.16,1,4.4,2.7,0.00E+00,6.47E-09,2.49E-10
276,19:46:21,715.6,135,4.68E-04,17.16,17.16,17.16,2,2,2,0.00E+00,0.00E+00,0.00E+00
278,19:46:22,715.6,116.4,4.68E-04,17.15,17.16,17.15,0.3,0.3,0.3,0.00E+00,0.00E+00,0.00E+00
282,19:46:24,715.6,104.2,4.79E-04,17.14,17.17,17.15,1.5,1.5,1.5,0.00E+00,6.93E-09,2.48E-10
284,19:46:26,715.6,133.2,4.47E-04,17.17,17.18,17.17,1.5,1.5,1.5,0.00E+00,0.00E+00,0.00E+00
285,19:46:27,715.6,121.4,4.47E-04,17.18,17.19,17.18,1.4,1.4,1.4,0.00E+00,0.00E+00,0.00E+00
287,19:46:28,715.6,108.2,4.47E-04,17.18,17.19,17.18,1.4,1.4,1.4,0.00E+00,0.00E+00,0.00E+00
289,19:46:29,715.6,112.6,4.37E-04,17.18,17.2,17.19,2,2.1,2,0.00E+00,0.00E+00,0.00E+00
293,19:46:32,715.6,137.4,4.37E-04,17.19,17.22,17.2,2.2,2.2,2.2,0.00E+00,0.00E+00,0.00E+00
294,19:46:33,715.6,118,4.47E-04,17.19,17.21,17.19,0.6,0.6,0.6,0.00E+00,0.00E+00,0.00E+00
297,19:46:35,715.6,107.9,4.47E-04,17.2,17.21,17.2,1.6,1.9,1.7,0.00E+00,0.00E+00,0.00E+00
299,19:46:37,715.6,118,4.37E-04,17.2,17.22,17.2,2.5,2.5,2.5,0.00E+00,0.00E+00,0.00E+00
300,19:46:38,715.6,144,4.47E-04,17.19,17.2,17.19,3,3,3,0.00E+00,0.00E+00,0.00E+00
301,19:46:39,715.6,115.6,4.47E-04,17.19,17.2,17.19,2.6,2.6,2.6,0.00E+00,0.00E+00,0.00E+00
303,19:46:41,715.6,90.4,4.47E-04,17.2,17.2,17.2,0.8,0.8,0.8,0.00E+00,0.00E+00,0.00E+00
312,19:46:46,715.6,116.8,4.37E-04,17.18,17.21,17.19,2.9,2.9,2.9,0.00E+00,0.00E+00,0.00E+00
313,19:46:47,715.6,113.4,4.47E-04,17.19,17.21,17.2,2.6,2.6,2.6,0.00E+00,0.00E+00,0.00E+00
315,19:46:48,715.6,114.4,4.47E-04,17.18,17.2,17.18,2.5,2.5,2.5,0.00E+00,0.00E+00,0.00E+00
317,19:46:50,715.6,126.2,4.37E-04,17.2,17.21,17.2,1.7,1.7,1.7,0.00E+00,0.00E+00,0.00E+00
319,19:46:51,715.6,115.4,4.57E-04,17.18,17.21,17.19,0.6,0.6,0.6,0.00E+00,0.00E+00,0.00E+00
320,19:46:52,715.6,98.6,4.57E-04,17.18,17.18,17.18,1.5,1.5,1.5,0.00E+00,0.00E+00,0.00E+00
323,19:46:54,715.6,119,4.47E-04,17.18,17.19,17.18,2.8,2.8,2.8,0.00E+00,0.00E+00,0.00E+00
324,19:46:55,715.6,128.8,4.47E-04,17.18,17.19,17.18,3.7,3.7,3.7,0.00E+00,0.00E+00,0.00E+00
327,19:46:57,715.6,108.7,4.47E-04,17.18,17.2,17.19,0.5,1.8,1.1,0.00E+00,0.00E+00,0.00E+00
328,19:46:58,715.6,94.8,4.47E-04,17.2,17.21,17.2,4.8,4.8,4.8,0.00E+00,0.00E+00,0.00E+00
331,19:46:59,715.6,116,4.27E-04,17.21,17.21,17.21,2.7,2.7,2.7,0.00E+00,0.00E+00,0.00E+00
332,19:47:00,715.6,122.8,4.27E-04,17.21,17.22,17.21,1.2,1.2,1.2,0.00E+00,0.00E+00,0.00E+00
336,19:47:03,715.6,118,4.47E-04,17.19,17.21,17.19,2.3,2.3,2.3,0.00E+00,0.00E+00,0.00E+00
338,19:47:04,715.6,119.2,4.47E-04,17.2,17.21,17.2,2.4,2.4,2.4,0.00E+00,0.00E+00,0.00E+00
340,19:47:05,715.6,113.2,4.37E-04,17.2,17.21,17.2,2.9,3,2.9,0.00E+00,0.00E+00,0.00E+00
342,19:47:07,715.6,125.8,4.57E-04,17.19,17.2,17.19,1.5,1.5,1.5,0.00E+00,0.00E+00,0.00E+00
344,19:47:08,715.6,106,4.37E-04,17.19,17.21,17.2,3.5,3.5,3.5,0.00E+00,0.00E+00,0.00E+00
345,19:47:09,715.6,94.6,4.37E-04,17.2,17.21,17.2,3.3,3.3,3.3,0.00E+00,0.00E+00,0.00E+00
348,19:47:11,715.6,126,4.47E-04,17.18,17.2,17.19,1.8,1.8,1.8,0.00E+00,6.99E-09,3.68E-10
349,19:47:12,715.6,129.8,4.37E-04,17.2,17.22,17.2,1.6,1.6,1.6,0.00E+00,0.00E+00,0.00E+00
352,19:47:14,715.6,81.5,4.37E-04,17.2,17.22,17.21,0.4,4,2.2,0.00E+00,0.00E+00,0.00E+00
356,19:47:16,715.6,98.2,4.37E-04,17.19,17.2,17.19,1.2,1.2,1.2,0.00E+00,0.00E+00,0.00E+00
357,19:47:17,715.6,141.8,4.57E-04,17.19,17.19,17.19,1.5,1.5,1.5,0.00E+00,0.00E+00,0.00E+00
358,19:47:19,715.6,79.4,4.47E-04,17.2,17.2,17.2,1.5,1.5,1.5,0.00E+00,0.00E+00,0.00E+00
359,19:47:21,715.6,128.4,4.57E-04,17.16,17.2,17.17,0.1,3.2,1.6,0.00E+00,0.00E+00,0.00E+00
360,19:47:22,715.6,127.4,4.47E-04,17.18,17.18,17.18,3.7,3.7,3.7,0.00E+00,0.00E+00,0.00E+00
366,19:47:25,715.6,126.6,4.57E-04,17.16,17.19,17.17,0.4,0.4,0.4,0.00E+00,0.00E+00,0.00E+00
367,19:47:26,715.6,92.2,4.57E-04,17.18,17.19,17.18,3.8,3.8,3.8,0.00E+00,0.00E+00,0.00E+00
371,19:47:29,715.6,123,4.57E-04,17.17,17.18,17.17,4,4,4,0.00E+00,0.00E+00,0.00E+00
373,19:47:30,715.6,106.4,4.57E-04,17.18,17.18,17.18,0.4,0.4,0.4,0.00E+00,0.00E+00,0.00E+00
375,19:47:31,715.6,108.6,4.47E-04,17.18,17.19,17.18,2.6,2.6,2.6,0.00E+00,0.00E+00,0.00E+00
379,19:47:34,715.6,116.4,4.57E-04,17.17,17.2,17.17,2.9,2.9,2.9,0.00E+00,0.00E+00,0.00E+00
380,19:47:35,715.6,128,4.57E-04,17.17,17.19,17.17,1.5,1.5,1.5,0.00E+00,0.00E+00,0.00E+00
383,19:47:37,715.6,104.5,4.57E-04,17.18,17.19,17.18,2,2.2,2.1,0.00E+00,0.00E+00,0.00E+00
384,19:47:38,715.6,107.8,4.57E-04,17.18,17.19,17.18,0.8,4.1,2.4,0.00E+00,0.00E+00,0.00E+00
385,19:47:40,715.6,171.8,4.57E-04,17.17,17.19,17.17,0.8,0.8,0.8,0.00E+00,0.00E+00,0.00E+00
395,19:47:46,715.6,114.9,4.47E-04,17.16,17.21,17.19,0.8,1.4,1.1,0.00E+00,7.04E-09,6.17E-11
397,19:47:47,715.6,99.8,4.37E-04,17.19,17.21,17.2,2.7,2.7,2.7,0.00E+00,0.00E+00,0.00E+00
399,19:47:48,715.6,107.6,4.68E-04,17.15,17.19,17.16,2.1,2.1,2.1,0.00E+00,0.00E+00,0.00E+00
400,19:47:49,715.6,118.2,4.68E-04,17.15,17.17,17.16,0.6,0.6,0.6,0.00E+00,0.00E+00,0.00E+00
403,19:47:51,715.6,98.2,4.47E-04,17.17,17.2,17.18,2.7,2.7,2.7,0.00E+00,7.08E-09,3.54E-10
404,19:47:52,715.6,104.4,4.47E-04,17.19,17.19,17.19,4,4,4,0.00E+00,0.00E+00,0.00E+00
407,19:47:54,715.6,114.2,4.57E-04,17.17,17.2,17.18,0.9,1.9,1.4,0.00E+00,0.00E+00,0.00E+00
411,19:47:56,90.6,90.6,4.37E-04,17.21,17.21,17.21,2.5,2.5,2.5,0.00E+00,0.00E+00,0.00E+00
415,19:47:59,715.6,118.2,4.47E-04,17.19,17.21,17.19,2.6,3,2.8,0.00E+00,0.00E+00,0.00E+00
416,19:48:00,715.6,102,4.37E-04,17.2,17.21,17.2,0.2,0.2,0.2,0.00E+00,0.00E+00,0.00E+00
419,19:48:01,715.6,129.4,4.47E-04,17.19,17.21,17.19,0.6,0.7,0.6,0.00E+00,0.00E+00,0.00E+00
423,19:48:04,715.6,114,4.37E-04,17.19,17.21,17.2,0.9,0.9,0.9,0.00E+00,0.00E+00,0.00E+00
424,19:48:05,715.6,134,4.47E-04,17.17,17.21,17.19,1,1,1,0.00E+00,0.00E+00,0.00E+00
427,19:48:07,715.6,100.3,4.68E-04,17.16,17.17,17.16,0,1,0.5,0.00E+00,0.00E+00,0.00E+00
431,19:48:09,73.8,73.8,4.47E-04,17.16,17.2,17.18,4.2,4.2,4.2,0.00E+00,0.00E+00,0.00E+00
432,19:48:10,715.6,90,4.57E-04,17.19,17.2,17.19,1.6,1.6,1.6,0.00E+00,0.00E+00,0.00E+00
434,19:48:11,715.6,99.2,4.47E-04,17.19,17.2,17.19,3.5,3.5,3.5,0.00E+00,0.00E+00,0.00E+00
435,19:48:12,715.6,109,4.47E-04,17.19,17.19,17.19,4.2,4.2,4.2,0.00E+00,0.00E+00,0.00E+00
438,19:48:15,715.6,120.4,4.47E-04,17.19,17.2,17.19,0.3,0.8,0.5,0.00E+00,7.14E-09,1.70E-10
441,19:48:17,715.6,110,4.27E-04,17.2,17.22,17.21,0.2,1.2,0.7,0.00E+00,0.00E+00,0.00E+00
442,19:48:18,715.6,128.6,4.37E-04,17.2,17.22,17.21,0.4,0.4,0.4,0.00E+00,0.00E+00,0.00E+00
444,19:48:19,715.6,104,4.57E-04,17.2,17.2,17.2,0.2,0.2,0.2,0.00E+00,0.00E+00,0.00E+00
445,19:48:20,715.6,149.8,4.57E-04,17.18,17.2,17.18,0.2,0.2,0.2,0.00E+00,0.00E+00,0.00E+00
446,19:48:21,715.6,99.2,4.57E-04,17.18,17.19,17.18,3.9,3.9,3.9,0.00E+00,0.00E+00,0.00E+00
454,19:48:25,715.6,126,4.57E-04,17.16,17.19,17.18,1.4,1.4,1.4,0.00E+00,0.00E+00,0.00E+00
455,19:48:26,715.6,169.6,4.57E-04,17.17,17.18,17.17,0.6,0.6,0.6,0.00E+00,0.00E+00,0.00E+00
456,19:48:27,715.6,122.8,4.57E-04,17.17,17.19,17.17,2.6,2.6,2.6,0.00E+00,0.00E+00,0.00E+00
458,19:48:28,715.6,121.8,4.57E-04,17.18,17.19,17.18,0.2,0.2,0.2,0.00E+00,0.00E+00,0.00E+00
462,19:48:31,715.6,126.2,4.47E-04,17.17,17.19,17.17,1.3,1.3,1.3,0.00E+00,0.00E+00,0.00E+00
463,19:48:32,715.6,89,4.57E-04,17.19,17.19,17.19,4.2,4.2,4.2,0.00E+00,0.00E+00,0.00E+00
466,19:48:34,715.6,130.4,4.57E-04,17.17,17.19,17.17,1,1.5,1.2,0.00E+00,0.00E+00,0.00E+00
468,19:48:35,715.6,102,4.57E-04,17.18,17.18,17.18,1.1,1.1,1.1,0.00E+00,0.00E+00,0.00E+00
470,19:48:36,715.6,107.8,4.47E-04,17.18,17.19,17.18,2.2,2.2,2.2,0.00E+00,0.00E+00,0.00E+00
471,19:48:37,715.6,119.4,4.47E-04,17.19,17.19,17.19,2.8,2.8,2.8,0.00E+00,0.00E+00,0.00E+00
474,19:48:39,715.6,105.6,4.47E-04,17.18,17.2,17.19,1.2,1.2,1.2,0.00E+00,7.05E-09,3.52E-10
475,19:48:40,715.6,122.4,4.47E-04,17.18,17.21,17.19,2.7,2.7,2.7,0.00E+00,0.00E+00,0.00E+00
484,19:48:45,715.6,107.8,4.37E-04,17.19,17.22,17.2,1.2,1.2,1.2,0.00E+00,0.00E+00,0.00E+00
485,19:48:46,715.6,124.8,4.37E-04,17.21,17.22,17.21,3.5,3.5,3.5,0.00E+00,0.00E+00,0.00E+00
488,19:48:48,715.6,134,4.47E-04,17.2,17.22,17.21,1.9,1.9,1.9,0.00E+00,0.00E+00,0.00E+00
490,19:48:49,715.6,103.4,4.37E-04,17.2,17.22,17.2,0.7,0.7,0.7,0.00E+00,0.00E+00,0.00E+00
492,19:48:50,715.6,118.2,4.37E-04,17.22,17.23,17.22,0.8,3.2,2,0.00E+00,0.00E+00,0.00E+00
496,19:48:53,715.6,126.2,4.47E-04,17.2,17.21,17.2,1.5,1.5,1.5,0.00E+00,0.00E+00,0.00E+00
497,19:48:54,715.6,101.8,4.47E-04,17.18,17.2,17.19,2,2,2,0.00E+00,0.00E+00,0.00E+00
498,19:48:55,715.6,111.8,4.57E-04,17.18,17.19,17.18,2.6,2.6,2.6,0.00E+00,0.00E+00,0.00E+00
501,19:48:57,92.8,92.8,4.57E-04,17.17,17.2,17.19,1.5,1.5,1.5,0.00E+00,0.00E+00,0.00E+00
503,19:48:58,715.6,131.2,4.57E-04,17.17,17.18,17.17,0.8,0.8,0.8,0.00E+00,0.00E+00,0.00E+00
505,19:48:59,715.6,106.2,4.37E-04,17.18,17.2,17.19,2.6,2.6,2.6,0.00E+00,7.03E-09,5.02E-10
506,19:49:00,715.6,143.8,4.37E-04,17.2,17.2,17.2,2.6,2.6,2.6,0.00E+00,0.00E+00,0.00E+00
509,19:49:02,715.6,138,4.57E-04,17.17,17.2,17.18,2.5,2.5,2.5,0.00E+00,0.00E+00,0.00E+00
510,19:49:03,715.6,134.2,4.57E-04,17.17,17.19,17.17,2.9,2.9,2.9,0.00E+00,0.00E+00,0.00E+00
513,19:49:05,715.6,97.4,4.57E-04,17.17,17.19,17.17,2.5,3.4,2.9,0.00E+00,7.05E-09,2.07E-10
515,19:49:06,715.6,125.8,4.57E-04,17.17,17.19,17.17,2.7,2.7,2.7,0.00E+00,0.00E+00,0.00E+00
517,19:49:07,715.6,99.2,4.47E-04,17.19,17.19,17.19,2.2,2.2,2.2,0.00E+00,0.00E+00,0.00E+00
521,19:49:10,715.6,98,4.37E-04,17.19,17.22,17.2,2.1,2.1,2.1,0.00E+00,0.00E+00,0.00E+00
522,19:49:11,715.6,113,4.47E-04,17.18,17.22,17.2,4.6,4.6,4.6,0.00E+00,0.00E+00,0.00E+00
524,19:49:12,715.6,125.8,4.47E-04,17.18,17.2,17.18,1.4,1.4,1.4,0.00E+00,0.00E+00,0.00E+00
526,19:49:13,715.6,108.4,4.47E-04,17.2,17.2,17.2,0.8,2.2,1.5,0.00E+00,0.00E+00,0.00E+00
528,19:49:15,715.6,107.6,4.47E-04,17.2,17.2,17.2,2.3,2.3,2.3,0.00E+00,0.00E+00,0.00E+00
530,19:49:16,715.6,117,4.27E-04,17.2,17.21,17.2,2.3,2.3,2.3,0.00E+00,0.00E+00,0.00E+00
531,19:49:17,715.6,128,4.27E-04,17.21,17.22,17.21,6.2,6.2,6.2,0.00E+00,0.00E+00,0.00E+00
534,19:49:19,715.6,117.8,4.37E-04,17.21,17.22,17.21,0.6,0.6,0.6,0.00E+00,0.00E+00,0.00E+00
535,19:49:20,715.6,101.2,4.27E-04,17.22,17.23,17.22,1.5,1.5,1.5,0.00E+00,0.00E+00,0.00E+00
536,19:49:21,715.6,126,4.27E-04,17.23,17.23,17.23,1.5,1.5,1.5,0.00E+00,0.00E+00,0.00E+00
543,19:49:26,210.2,137.2,4.17E-04,17.2,17.24,17.22,0.5,2.8,1.6,0.00E+00,0.00E+00,0.00E+00
545,19:49:27,715.6,95.2,4.37E-04,17.22,17.24,17.23,3.2,3.2,3.2,0.00E+00,0.00E+00,0.00E+00
546,19:49:28,715.6,124.4,4.27E-04,17.22,17.22,17.22,3.4,3.4,3.4,0.00E+00,0.00E+00,0.00E+00
549,19:49:30,715.6,89.9,4.37E-04,17.21,17.22,17.21,0.8,2.5,1.6,0.00E+00,0.00E+00,0.00E+00
553,19:49:32,715.6,115.4,4.37E-04,17.21,17.22,17.21,0.5,0.5,0.5,0.00E+00,0.00E+00,0.00E+00
554,19:49:33,715.6,122,4.37E-04,17.2,17.22,17.21,1.4,1.4,1.4,0.00E+00,0.00E+00,0.00E+00
557,19:49:35,715.6,84.2,4.47E-04,17.17,17.21,17.19,4.9,5.3,5.1,0.00E+00,0.00E+00,0.00E+00
558,19:49:36,715.6,102.6,4.27E-04,17.21,17.23,17.21,4.1,4.1,4.1,0.00E+00,0.00E+00,0.00E+00
559,19:49:38,715.6,128.9,4.47E-04,17.19,17.23,17.2,2.5,3.9,3.2,0.00E+00,0.00E+00,0.00E+00
561,19:49:40,715.6,97.2,4.47E-04,17.18,17.2,17.18,0.4,0.4,0.4,0.00E+00,0.00E+00,0.00E+00
563,19:49:41,715.6,105.4,4.47E-04,17.19,17.2,17.19,2.8,2.8,2.8,0.00E+00,0.00E+00,0.00E+00
572,19:49:46,715.6,113.8,4.57E-04,17.18,17.19,17.18,4,4,4,0.00E+00,0.00E+00,0.00E+00
573,19:49:47,715.6,114.8,4.57E-04,17.18,17.19,17.18,3.4,3.4,3.4,0.00E+00,0.00E+00,0.00E+00
576,19:49:49,715.6,110.8,4.47E-04,17.18,17.22,17.18,3.5,3.5,3.5,0.00E+00,7.04E-09,3.52E-10
577,19:49:50,715.6,104,4.37E-04,17.21,17.22,17.21,2,2,2,0.00E+00,7.04E-09,7.82E-10
580,19:49:52,715.6,135.1,4.57E-04,17.17,17.21,17.18,2.3,2.6,2.4,0.00E+00,0.00E+00,0.00E+00
584,19:49:54,715.6,110.6,4.37E-04,17.17,17.2,17.18,1.7,1.7,1.7,0.00E+00,0.00E+00,0.00E+00
585,19:49:55,715.6,79.8,4.47E-04,17.2,17.2,17.2,3.7,3.7,3.7,0.00E+00,0.00E+00,0.00E+00
587,19:49:56,715.6,110.6,4.37E-04,17.2,17.21,17.2,2.6,2.6,2.6,0.00E+00,0.00E+00,0.00E+00
588,19:49:57,715.6,149.4,4.37E-04,17.19,17.19,17.19,2.5,2.5,2.5,0.00E+00,0.00E+00,0.00E+00
589,19:49:58,715.6,116.6,4.47E-04,17.19,17.21,17.19,2.2,2.2,2.2,0.00E+00,0.00E+00,0.00E+00
591,19:49:59,715.6,114.2,4.37E-04,17.21,17.22,17.21,4.9,4.9,4.9,0.00E+00,0.00E+00,0.00E+00
592,19:50:00,715.6,121.6,4.37E-04,17.22,17.22,17.22,1.9,1.9,1.9,0.00E+00,0.00E+00,0.00E+00
595,19:50:02,715.6,125.8,4.47E-04,17.2,17.22,17.2,0.5,0.5,0.5,0.00E+00,0.00E+00,0.00E+00
596,19:50:03,715.6,125.4,4.37E-04,17.2,17.23,17.2,1.5,1.5,1.5,0.00E+00,0.00E+00,0.00E+00
598,19:50:04,715.6,130.2,4.47E-04,17.21,17.23,17.21,3.2,3.2,3.2,0.00E+00,0.00E+00,0.00E+00
599,19:50:05,715.6,123.6,4.47E-04,17.2,17.21,17.2,3.9,3.9,3.9,0.00E+00,0.00E+00,0.00E+00
602,19:50:07,715.6,110.6,4.47E-04,17.19,17.21,17.2,2.3,2.3,2.3,0.00E+00,0.00E+00,0.00E+00
603,19:50:08,715.6,127.8,4.47E-04,17.19,17.2,17.19,1.8,1.8,1.8,0.00E+00,0.00E+00,0.00E+00
606,19:50:10,715.6,107.1,4.47E-04,17.19,17.21,17.19,1.9,3,2.4,0.00E+00,6.90E-09,2.16E-10
608,19:50:11,715.6,112.6,4.57E-04,17.19,17.19,17.19,0.4,0.4,0.4,0.00E+00,0.00E+00,0.00E+00
609,19:50:12,715.6,122.4,4.47E-04,17.19,17.2,17.19,0.7,0.7,0.7,0.00E+00,0.00E+00,0.00E+00
611,19:50:13,715.6,120.8,4.47E-04,17.19,17.2,17.19,0.6,0.6,0.6,0.00E+00,0.00E+00,0.00E+00
612,19:50:14,715.6,132.2,4.47E-04,17.2,17.2,17.2,1.9,1.9,1.9,0.00E+00,0.00E+00,0.00E+00
615,19:50:16,715.6,114.2,4.57E-04,17.18,17.2,17.19,0.5,0.5,0.5,0.00E+00,0.00E+00,0.00E+00
616,19:50:17,715.6,109,4.47E-04,17.18,17.19,17.18,4.8,5.3,5,0.00E+00,0.00E+00,0.00E+00
617,19:50:19,715.6,131.4,4.57E-04,17.19,17.19,17.19,3.2,3.2,3.2,0.00E+00,0.00E+00,0.00E+00
618,19:50:20,715.6,88,4.57E-04,17.18,17.19,17.18,2.9,2.9,2.9,0.00E+00,0.00E+00,0.00E+00
619,19:50:21,715.6,99.6,4.47E-04,17.18,17.19,17.18,1.8,1.8,1.8,0.00E+00,0.00E+00,0.00E+00
626,19:50:25,715.6,120.8,4.47E-04,17.19,17.21,17.19,3.5,3.5,3.5,0.00E+00,6.85E-09,1.71E-10
628,19:50:26,715.6,129.4,4.37E-04,17.2,17.21,17.2,2.9,2.9,2.9,0.00E+00,0.00E+00,0.00E+00
631,19:50:28,715.6,132.7,4.27E-04,17.2,17.23,17.21,0.3,2.7,1.5,0.00E+00,0.00E+00,0.00E+00
632,19:50:29,715.6,115.4,4.27E-04,17.22,17.23,17.22,3.4,3.4,3.4,0.00E+00,0.00E+00,0.00E+00
634,19:50:30,715.6,111.4,4.37E-04,17.22,17.22,17.22,4.7,4.7,4.7,0.00E+00,0.00E+00,0.00E+00
635,19:50:31,715.6,119.6,4.37E-04,17.21,17.22,17.21,2,2,2,0.00E+00,0.00E+00,0.00E+00
638,19:50:33,715.6,130,4.47E-04,17.18,17.21,17.19,3.7,3.7,3.7,0.00E+00,0.00E+00,0.00E+00
639,19:50:34,715.6,108,4.57E-04,17.17,17.18,17.17,1,1,1,0.00E+00,0.00E+00,0.00E+00
642,19:50:36,715.6,119.6,4.57E-04,17.17,17.2,17.18,2.2,2.2,2.2,0.00E+00,0.00E+00,0.00E+00
644,19:50:37,715.6,116.4,4.57E-04,17.16,17.18,17.17,1.7,1.7,1.7,0.00E+00,0.00E+00,0.00E+00
645,19:50:38,715.6,110.6,4.68E-04,17.16,17.18,17.16,2,2,2,0.00E+00,0.00E+00,0.00E+00
648,19:50:40,715.6,119.1,4.68E-04,17.17,17.18,17.17,1,2.7,1.8,0.00E+00,0.00E+00,0.00E+00
652,19:50:42,715.6,115,4.47E-04,17.17,17.2,17.18,2.3,2.3,2.3,0.00E+00,0.00E+00,0.00E+00
655,19:50:44,715.6,124.6,4.47E-04,17.18,17.2,17.18,2.6,2.6,2.6,0.00E+00,0.00E+00,0.00E+00
658,19:50:46,715.6,100,4.47E-04,17.19,17.2,17.19,1.9,1.9,1.9,0.00E+00,0.00E+00,0.00E+00
659,19:50:47,715.6,122,4.57E-04,17.18,17.19,17.18,1.7,1.7,1.7,0.00E+00,7.03E-09,8.79E-10
662,19:50:49,715.6,171.4,4.57E-04,17.17,17.19,17.17,2.6,3.2,2.9,0.00E+00,0.00E+00,0.00E+00
664,19:50:50,715.6,103.8,4.57E-04,17.17,17.17,17.17,2.8,2.8,2.8,0.00E+00,0.00E+00,0.00E+00
666,19:50:51,715.6,99.2,4.57E-04,17.17,17.2,17.18,1,1,1,0.00E+00,0.00E+00,0.00E+00
670,19:50:54,715.6,115.2,4.47E-04,17.17,17.2,17.17,0.2,0.2,0.2,0.00E+00,0.00E+00,0.00E+00
671,19:50:55,715.6,100.2,4.37E-04,17.2,17.23,17.21,1.5,1.5,1.5,0.00E+00,0.00E+00,0.00E+00
674,19:50:56,715.6,109.8,4.47E-04,17.19,17.23,17.2,1.7,2.9,2.3,0.00E+00,0.00E+00,0.00E+00
678,19:50:59,715.6,132,4.27E-04,17.19,17.22,17.2,3.4,3.4,3.4,0.00E+00,0.00E+00,0.00E+00
679,19:51:00,715.6,122.4,4.57E-04,17.19,17.2,17.19,0.4,0.4,0.4,0.00E+00,0.00E+00,0.00E+00
682,19:51:02,715.6,112.3,4.57E-04,17.18,17.19,17.18,0.8,1.9,1.3,0.00E+00,0.00E+00,0.00E+00
684,19:51:03,715.6,110.6,4.57E-04,17.18,17.18,17.18,5.5,5.5,5.5,0.00E+00,0.00E+00,0.00E+00
686,19:51:04,715.6,127.8,4.47E-04,17.18,17.2,17.19,0.1,3.3,1.7,0.00E+00,0.00E+00,0.00E+00
690,19:51:07,715.6,124,4.57E-04,17.19,17.2,17.19,1.6,1.6,1.6,0.00E+00,0.00E+00,0.00E+00
691,19:51:08,715.6,121.6,4.47E-04,17.19,17.2,17.19,1.5,1.5,1.5,0.00E+00,0.00E+00,0.00E+00
694,19:51:10,715.6,108.2,4.47E-04,17.2,17.2,17.2,1.6,3.5,2.5,0.00E+00,0.00E+00,0.00E+00
698,19:51:12,715.6,113.4,4.37E-04,17.19,17.2,17.19,2.5,2.5,2.5,0.00E+00,0.00E+00,0.00E+00
699,19:51:13,715.6,101.8,4.37E-04,17.19,17.2,17.19,1.5,1.5,1.5,0.00E+00,0.00E+00,0.00E+00
701,19:51:14,715.6,104,4.37E-04,17.2,17.22,17.21,0.5,1.9,1.2,0.00E+00,0.00E+00,0.00E+00
703,19:51:16,715.6,95.8,4.37E-04,17.21,17.22,17.21,0.8,0.8,0.8,0.00E+00,0.00E+00,0.00E+00
705,19:51:17,715.6,119.4,4.27E-04,17.21,17.21,17.21,1.2,1.2,1.2,0.00E+00,0.00E+00,0.00E+00
706,19:51:18,715.6,94.4,4.27E-04,17.21,17.23,17.22,2.4,2.4,2.4,0.00E+00,0.00E+00,0.00E+00
707,19:51:19,715.6,118.2,4.37E-04,17.19,17.23,17.21,2.8,2.8,2.8,0.00E+00,0.00E+00,0.00E+00
714,19:51:23,715.6,110.2,4.47E-04,17.17,17.2,17.18,0.7,0.7,0.7,0.00E+00,0.00E+00,0.00E+00
715,19:51:24,715.6,147,4.68E-04,17.17,17.18,17.17,1.9,1.9,1.9,0.00E+00,0.00E+00,0.00E+00
716,19:51:25,715.6,128.8,4.68E-04,17.18,17.18,17.18,0.8,0.8,0.8,0.00E+00,0.00E+00,0.00E+00
719,19:51:27,715.6,100.6,4.47E-04,17.18,17.19,17.18,1.8,3.9,2.8,0.00E+00,0.00E+00,0.00E+00
723,19:51:29,126,126,4.47E-04,17.18,17.18,17.18,1.5,1.5,1.5,0.00E+00,0.00E+00,0.00E+00
724,19:51:30,715.6,136.6,4.68E-04,17.16,17.18,17.17,1.5,1.5,1.5,0.00E+00,0.00E+00,0.00E+00
727,19:51:32,715.6,90.2,4.57E-04,17.16,17.19,17.18,1.1,3.8,2.4,0.00E+00,0.00E+00,0.00E+00
731,19:51:34,715.6,111.2,4.47E-04,17.19,17.2,17.19,2.6,2.6,2.6,0.00E+00,0.00E+00,0.00E+00
732,19:51:35,715.6,119.4,4.47E-04,17.19,17.19,17.19,1.2,1.2,1.2,0.00E+00,0.00E+00,0.00E+00
734,19:51:36,715.6,115.4,4.57E-04,17.17,17.19,17.18,4.2,4.2,4.2,0.00E+00,0.00E+00,0.00E+00
735,19:51:37,715.6,122.6,4.57E-04,17.17,17.17,17.17,2.6,2.6,2.6,0.00E+00,0.00E+00,0.00E+00
736,19:51:39,715.6,108.7,4.57E-04,17.16,17.19,17.17,1.2,2.8,2,0.00E+00,0.00E+00,0.00E+00
737,19:51:40,715.6,116.2,4.57E-04,17.16,17.2,17.18,0.5,0.5,0.5,0.00E+00,0.00E+00,0.00E+00
747,19:51:46,715.6,109.4,4.37E-04,17.19,17.21,17.2,1.9,1.9,1.9,0.00E+00,7.04E-09,1.84E-10
749,19:51:47,715.6,127.4,4.47E-04,17.18,17.2,17.19,0.1,0.1,0.1,0.00E+00,0.00E+00,0.00E+00
751,19:51:48,715.6,112,4.47E-04,17.18,17.18,17.18,3.4,3.4,3.4,0.00E+00,0.00E+00,0.00E+00
752,19:51:49,715.6,155,4.47E-04,17.18,17.21,17.19,2.2,2.2,2.2,0.00E+00,0.00E+00,0.00E+00
755,19:51:51,715.6,119.2,4.47E-04,17.2,17.21,17.2,3.5,3.5,3.5,0.00E+00,0.00E+00,0.00E+00
756,19:51:52,715.6,120,4.47E-04,17.2,17.2,17.2,2.6,2.6,2.6,0.00E+00,0.00E+00,0.00E+00
759,19:51:54,715.6,133.4,4.27E-04,17.2,17.22,17.21,0.2,1.5,0.8,0.00E+00,0.00E+00,0.00E+00
763,19:51:56,63.2,63.2,4.47E-04,17.2,17.2,17.2,0.8,0.8,0.8,0.00E+00,0.00E+00,0.00E+00
764,19:51:57,715.6,100.4,4.47E-04,17.2,17.2,17.2,0.8,0.8,0.8,0.00E+00,0.00E+00,0.00E+00
766,19:51:58,715.6,135.4,4.27E-04,17.2,17.23,17.21,1.9,2.5,2.2,0.00E+00,0.00E+00,0.00E+00
768,19:52:00,715.6,110.2,4.37E-04,17.22,17.23,17.22,1.7,1.7,1.7,0.00E+00,0.00E+00,0.00E+00
770,19:52:01,715.6,99,4.47E-04,17.21,17.22,17.21,3,3,3,0.00E+00,0.00E+00,0.00E+00
771,19:52:02,715.6,81.8,4.47E-04,17.18,17.21,17.19,1,1,1,0.00E+00,0.00E+00,0.00E+00
774,19:52:04,715.6,120.2,4.27E-04,17.18,17.23,17.2,3.9,3.9,3.9,0.00E+00,0.00E+00,0.00E+00
775,19:52:05,715.6,135.2,4.37E-04,17.21,17.23,17.22,1.3,1.3,1.3,0.00E+00,0.00E+00,0.00E+00
778,19:52:07,715.6,134.1,4.37E-04,17.21,17.22,17.21,1.9,2.5,2.2,0.00E+00,0.00E+00,0.00E+00
782,19:52:09,715.6,134.6,4.27E-04,17.22,17.23,17.22,3.3,3.3,3.3,0.00E+00,0.00E+00,0.00E+00
783,19:52:10,715.6,113.2,4.37E-04,17.22,17.22,17.22,0.8,0.8,0.8,0.00E+00,0.00E+00,0.00E+00
786,19:52:12,715.6,106.9,4.37E-04,17.21,17.21,17.21,1.4,2.9,2.1,0.00E+00,0.00E+00,0.00E+00
787,19:52:13,715.6,132.8,4.27E-04,17.21,17.23,17.21,1.9,1.9,1.9,0.00E+00,0.00E+00,0.00E+00
790,19:52:15,715.6,121.4,4.47E-04,17.19,17.23,17.2,0.3,1.5,0.9,0.00E+00,0.00E+00,0.00E+00
794,19:52:17,715.6,114.4,4.47E-04,17.19,17.2,17.19,1.9,1.9,1.9,0.00E+00,0.00E+00,0.00E+00
795,19:52:18,715.6,130.6,4.37E-04,17.2,17.21,17.2,4.3,4.3,4.3,0.00E+00,0.00E+00,0.00E+00
796,19:52:19,715.6,114.2,4.37E-04,17.21,17.21,17.21,1.6,1.6,1.6,0.00E+00,0.00E+00,0.00E+00
797,19:52:20,715.6,112.8,4.37E-04,17.22,17.22,17.22,3,3,3,0.00E+00,0.00E+00,0.00E+00
798,19:52:21,715.6,116.2,4.37E-04,17.2,17.22,17.21,3.4,3.4,3.4,0.00E+00,0.00E+00,0.00E+00
802,19:52:23,715.6,121.8,4.37E-04,17.2,17.23,17.21,4.9,4.9,4.9,0.00E+00,0.00E+00,0.00E+00
803,19:52:24,715.6,123.2,4.37E-04,17.22,17.23,17.22,1.8,1.8,1.8,0.00E+00,0.00E+00,0.00E+00
806,19:52:26,715.6,111.6,4.37E-04,17.2,17.22,17.2,3.3,3.3,3.3,0.00E+00,0.00E+00,0.00E+00
807,19:52:27,715.6,122.4,4.37E-04,17.2,17.21,17.2,1.5,1.5,1.5,0.00E+00,0.00E+00,0.00E+00
810,19:52:29,715.6,108.5,4.47E-04,17.19,17.21,17.19,0.4,0.9,0.6,0.00E+00,0.00E+00,0.00E+00
811,19:52:30,715.6,126,4.47E-04,17.19,17.21,17.19,3.9,3.9,3.9,0.00E+00,7.09E-09,7.09E-10
814,19:52:31,715.6,124,4.37E-04,17.21,17.22,17.21,0.6,0.6,0.6,0.00E+00,0.00E+00,0.00E+00
818,19:52:34,87.8,87.8,4.37E-04,17.22,17.22,17.22,1.6,1.6,1.6,0.00E+00,0.00E+00,0.00E+00
819,19:52:35,715.6,117.2,4.37E-04,17.2,17.22,17.21,1.7,1.7,1.7,0.00E+00,0.00E+00,0.00E+00
821,19:52:36,715.6,119.4,4.37E-04,17.19,17.2,17.19,1.5,1.5,1.5,0.00E+00,0.00E+00,0.00E+00
822,19:52:37,715.6,96.8,4.37E-04,17.19,17.2,17.19,3.3,3.3,3.3,0.00E+00,0.00E+00,0.00E+00
824,19:52:39,715.6,108,4.57E-04,17.18,17.2,17.18,0.4,0.4,0.4,0.00E+00,0.00E+00,0.00E+00
825,19:52:40,715.6,99.8,4.37E-04,17.18,17.22,17.19,4.5,4.5,4.5,0.00E+00,0.00E+00,0.00E+00
832,19:52:44,715.6,114.8,4.47E-04,17.18,17.22,17.19,2.7,2.7,2.7,0.00E+00,0.00E+00,0.00E+00
834,19:52:46,715.6,137,4.27E-04,17.19,17.23,17.21,3,3.5,3.2,0.00E+00,0.00E+00,0.00E+00
838,19:52:48,715.6,112.8,4.47E-04,17.19,17.23,17.21,2.2,2.2,2.2,0.00E+00,0.00E+00,0.00E+00
839,19:52:49,715.6,84.6,4.37E-04,17.19,17.22,17.2,1.6,1.6,1.6,0.00E+00,0.00E+00,0.00E+00
842,19:52:51,715.6,154.9,4.37E-04,17.2,17.22,17.21,0.3,3.9,2.1,0.00E+00,0.00E+00,0.00E+00
846,19:52:53,715.6,111.6,4.47E-04,17.18,17.2,17.18,0.3,0.3,0.3,0.00E+00,0.00E+00,0.00E+00
847,19:52:54,715.6,109.4,4.47E-04,17.19,17.2,17.19,0.9,0.9,0.9,0.00E+00,0.00E+00,0.00E+00
850,19:52:56,715.6,120.1,4.57E-04,17.18,17.2,17.18,1.9,3.9,2.9,0.00E+00,0.00E+00,0.00E+00
851,19:52:57,715.6,110.4,4.57E-04,17.18,17.18,17.18,2.2,2.2,2.2,0.00E+00,0.00E+00,0.00E+00
853,19:52:58,715.6,122.8,4.57E-04,17.18,17.19,17.18,3.9,3.9,3.9,0.00E+00,0.00E+00,0.00E+00
854,19:52:59,715.6,103.8,4.57E-04,17.19,17.19,17.19,3.3,3.3,3.3,0.00E+00,0.00E+00,0.00E+00
857,19:53:01,715.6,118.8,4.37E-04,17.19,17.2,17.19,3.7,3.7,3.7,0.00E+00,0.00E+00,0.00E+00
858,19:53:02,715.6,112.8,4.57E-04,17.17,17.2,17.18,3.2,3.2,3.2,0.00E+00,6.54E-09,9.35E-10
861,19:53:04,715.6,97.1,4.47E-04,17.17,17.21,17.19,0.2,1.2,0.7,0.00E+00,0.00E+00,0.00E+00
863,19:53:05,715.6,117,4.57E-04,17.16,17.21,17.19,1.9,1.9,1.9,0.00E+00,0.00E+00,0.00E+00
865,19:53:06,715.6,112.8,4.57E-04,17.16,17.16,17.16,0,0,0,0.00E+00,0.00E+00,0.00E+00
869,19:53:09,715.6,102.8,4.37E-04,17.17,17.21,17.18,0.2,0.2,0.2,0.00E+00,0.00E+00,0.00E+00
870,19:53:10,715.6,105.4,4.37E-04,17.2,17.21,17.2,1,1,1,0.00E+00,0.00E+00,0.00E+00
873,19:53:12,715.6,120.6,4.37E-04,17.2,17.23,17.21,3.2,3.5,3.3,0.00E+00,0.00E+00,0.00E+00
877,19:53:14,715.6,130.4,4.27E-04,17.22,17.23,17.22,2.1,2.1,2.1,0.00E+00,0.00E+00,0.00E+00
878,19:53:15,715.6,98.4,4.47E-04,17.19,17.22,17.2,1.2,1.2,1.2,0.00E+00,0.00E+00,0.00E+00
881,19:53:17,715.6,111.7,4.37E-04,17.19,17.2,17.19,1.8,3.5,2.6,0.00E+00,0.00E+00,0.00E+00
882,19:53:18,715.6,117.8,4.47E-04,17.2,17.2,17.2,1.2,1.2,1.2,0.00E+00,0.00E+00,0.00E+00
883,19:53:20,715.6,108.4,4.37E-04,17.2,17.22,17.2,2.4,2.9,2.6,0.00E+00,0.00E+00,0.00E+00
885,19:53:21,715.6,136,4.27E-04,17.22,17.23,17.22,0.5,0.5,0.5,0.00E+00,0.00E+00,0.00E+00
886,19:53:22,715.6,106.8,4.17E-04,17.23,17.23,17.23,1.5,1.5,1.5,0.00E+00,0.00E+00,0.00E+00
892,19:53:25,715.6,116.4,4.37E-04,17.2,17.23,17.21,2.6,2.6,2.6,0.00E+00,0.00E+00,0.00E+00
893,19:53:26,715.6,135.8,4.37E-04,17.23,17.23,17.23,0,0,0,0.00E+00,0.00E+00,0.00E+00
894,19:53:27,715.6,106.2,4.37E-04,17.22,17.23,17.22,3.4,3.4,3.4,0.00E+00,0.00E+00,0.00E+00
895,19:53:28,715.6,114.2,4.27E-04,17.22,17.22,17.22,5,5,5,0.00E+00,0.00E+00,0.00E+00
898,19:53:30,111.4,95.7,4.37E-04,17.21,17.22,17.21,4.2,4.2,2.1,0.00E+00,0.00E+00,0.00E+00
900,19:53:31,715.6,131.2,4.27E-04,17.22,17.23,17.22,4.8,4.8,4.8,0.00E+00,0.00E+00,0.00E+00
902,19:53:32,715.6,105.8,4.27E-04,17.23,17.24,17.23,1.3,2,1.6,0.00E+00,0.00E+00,0.00E+00
906,19:53:35,715.6,107.4,4.47E-04,17.21,17.23,17.21,0.7,0.7,0.7,0.00E+00,7.06E-09,3.53E-10
907,19:53:36,715.6,114.2,4.37E-04,17.21,17.22,17.21,1.9,1.9,1.9,0.00E+00,0.00E+00,0.00E+00
908,19:53:38,715.6,135.9,4.47E-04,17.2,17.22,17.2,0,2.3,1.1,0.00E+00,0.00E+00,0.00E+00
910,19:53:43,715.6,115.6,4.47E-04,17.19,17.2,17.19,3.9,4.9,4.4,0.00E+00,6.85E-09,1.76E-10
911,19:53:44,158.6,158.6,4.37E-04,17.21,17.21,17.21,1.2,1.2,1.2,0.00E+00,0.00E+00,0.00E+00
913,19:53:46,715.6,98.8,4.47E-04,17.2,17.21,17.2,4,4,4,0.00E+00,0.00E+00,0.00E+00
916,19:53:47,111,111,4.57E-04,17.17,17.2,17.18,3.5,3.5,3.5,0.00E+00,0.00E+00,0.00E+00
917,19:53:48,715.6,164,4.57E-04,17.17,17.18,17.17,3.9,3.9,3.9,0.00E+00,0.00E+00,0.00E+00
918,19:53:49,715.6,107.6,4.47E-04,17.18,17.2,17.19,2.2,2.2,2.2,0.00E+00,0.00E+00,0.00E+00
919,19:53:50,715.6,129.8,4.47E-04,17.2,17.2,17.2,2,2,2,0.00E+00,0.00E+00,0.00E+00
922,19:53:52,715.6,117.2,4.47E-04,17.18,17.2,17.19,0.4,0.4,0.4,0.00E+00,0.00E+00,0.00E+00
924,19:53:53,715.6,100.6,4.57E-04,17.18,17.19,17.18,1.8,1.8,1.8,0.00E+00,7.01E-09,7.01E-10
926,19:53:54,715.6,121.2,4.47E-04,17.19,17.2,17.19,1.1,1.5,1.3,0.00E+00,0.00E+00,0.00E+00
930,19:53:57,715.6,110,4.57E-04,17.18,17.2,17.19,3.7,3.7,3.7,0.00E+00,0.00E+00,0.00E+00
931,19:53:58,715.6,125.2,4.47E-04,17.18,17.21,17.19,0,0,0,0.00E+00,0.00E+00,0.00E+00
933,19:53:59,715.6,81.6,4.37E-04,17.21,17.21,17.21,0.9,0.9,0.9,0.00E+00,0.00E+00,0.00E+00
936,19:54:01,715.6,122,4.68E-04,17.15,17.21,17.18,3.1,3.1,3.1,0.00E+00,0.00E+00,0.00E+00
937,19:54:02,715.6,91.2,4.79E-04,17.15,17.15,17.15,2.4,2.4,2.4,0.00E+00,0.00E+00,0.00E+00
939,19:54:03,715.6,94.2,4.47E-04,17.15,17.19,17.17,1.6,1.6,1.6,0.00E+00,0.00E+00,0.00E+00
940,19:54:04,715.6,119.2,4.47E-04,17.19,17.2,17.19,0.1,0.1,0.1,0.00E+00,0.00E+00,0.00E+00
943,19:54:06,122.6,122.6,4.57E-04,17.18,17.2,17.18,0.8,0.8,0.8,0.00E+00,0.00E+00,0.00E+00
944,19:54:07,715.6,139.6,4.37E-04,17.18,17.2,17.18,4.9,4.9,4.9,0.00E+00,0.00E+00,0.00E+00
947,19:54:09,715.6,96.6,4.37E-04,17.2,17.22,17.21,2.7,2.8,2.7,0.00E+00,0.00E+00,0.00E+00
949,19:54:10,715.6,138.4,4.37E-04,17.21,17.22,17.21,3.2,3.2,3.2,0.00E+00,0.00E+00,0.00E+00
951,19:54:11,715.6,115,4.47E-04,17.2,17.21,17.2,0.4,0.4,0.4,0.00E+00,0.00E+00,0.00E+00
952,19:54:12,715.6,112.4,4.47E-04,17.2,17.2,17.2,2.4,2.4,2.4,0.00E+00,0.00E+00,0.00E+00
953,19:54:13,715.6,97,4.37E-04,17.2,17.22,17.2,2.9,2.9,2.9,0.00E+00,0.00E+00,0.00E+00
954,19:54:14,715.6,103.6,4.37E-04,17.2,17.22,17.21,3.4,3.4,3.4,0.00E+00,0.00E+00,0.00E+00
955,19:54:15,715.6,105.2,4.47E-04,17.19,17.2,17.19,0.5,0.5,0.5,0.00E+00,0.00E+00,0.00E+00
958,19:54:17,715.6,107.2,4.37E-04,17.19,17.2,17.19,1.8,2.9,2.3,0.00E+00,0.00E+00,0.00E+00
960,19:54:18,715.6,97.6,4.47E-04,17.2,17.2,17.2,2.9,2.9,2.9,0.00E+00,0.00E+00,0.00E+00
961,19:54:19,715.6,118.4,4.47E-04,17.19,17.2,17.19,0.4,0.4,0.4,0.00E+00,0.00E+00,0.00E+00
962,19:54:20,715.6,104.2,4.37E-04,17.19,17.2,17.19,0.6,0.6,0.6,0.00E+00,0.00E+00,0.00E+00
963,19:54:21,715.6,124.4,4.37E-04,17.2,17.22,17.21,4.6,4.6,4.6,0.00E+00,0.00E+00,0.00E+00
970,19:54:25,715.6,115.6,4.37E-04,17.21,17.23,17.22,2.5,2.5,2.5,0.00E+00,0.00E+00,0.00E+00
971,19:54:26,715.6,115,4.37E-04,17.21,17.21,17.21,1.6,1.6,1.6,0.00E+00,0.00E+00,0.00E+00
974,19:54:28,715.6,136.2,4.47E-04,17.19,17.22,17.21,2,2,2,0.00E+00,0.00E+00,0.00E+00
976,19:54:29,715.6,89.4,4.47E-04,17.19,17.2,17.19,1.2,1.2,1.2,0.00E+00,0.00E+00,0.00E+00
978,19:54:30,715.6,118.4,4.27E-04,17.2,17.22,17.21,1.9,1.9,1.9,0.00E+00,0.00E+00,0.00E+00
979,19:54:31,180.8,180.8,4.27E-04,17.22,17.22,17.22,4.7,4.7,4.7,0.00E+00,0.00E+00,0.00E+00
982,19:54:33,715.6,111.8,4.37E-04,17.2,17.22,17.2,0.7,0.7,0.7,0.00E+00,7.03E-09,3.51E-10
983,19:54:34,715.6,86.4,4.37E-04,17.2,17.21,17.2,0.8,0.8,0.8,0.00E+00,0.00E+00,0.00E+00
984,19:54:35,715.6,131.4,4.37E-04,17.21,17.21,17.21,2.7,2.7,2.7,0.00E+00,0.00E+00,0.00E+00
987,19:54:37,715.6,109.6,4.27E-04,17.21,17.22,17.21,1.2,1.2,1.2,0.00E+00,0.00E+00,0.00E+00
988,19:54:38,715.6,119.6,4.57E-04,17.18,17.21,17.2,0.2,0.2,0.2,0.00E+00,0.00E+00,0.00E+00
989,19:54:39,715.6,112.4,4.47E-04,17.18,17.2,17.18,0,0,0,0.00E+00,6.98E-09,6.98E-10
992,19:54:41,107.2,107.2,4.57E-04,17.18,17.18,17.18,4,4,4,0.00E+00,0.00E+00,0.00E+00
999,19:54:45,715.6,80,4.47E-04,17.17,17.2,17.18,1.8,2.9,2.3,0.00E+00,0.00E+00,0.00E+00
