counter,time,sopr max rate,sopr aver rate,prefecber,esnrmin,esnrmax,esnraver
0,19:43:10,715.6,114.5,4.37E-04,17.17,17.27,17.21
1,19:43:11,715.6,103.8,4.17E-04,17.25,17.25,17.25
4,19:43:13,715.6,121.3,4.17E-04,17.24,17.26,17.24
5,19:43:14,715.6,102.6,4.27E-04,17.23,17.24,17.23
8,19:43:16,715.6,124.4,4.27E-04,17.23,17.23,17.23
12,19:43:18,715.6,109,4.07E-04,17.23,17.27,17.24
13,19:43:19,715.6,91.4,4.07E-04,17.25,17.27,17.26
14,19:43:20,715.6,109.6,4.17E-04,17.24,17.25,17.24
15,19:43:21,715.6,65.2,4.17E-04,17.25,17.25,17.25
21,19:43:25,715.6,112.6,4.37E-04,17.22,17.26,17.24
23,19:43:26,715.6,127.8,4.17E-04,17.23,17.24,17.23
24,19:43:27,715.6,112.8,4.17E-04,17.24,17.24,17.24
26,19:43:28,715.6,122.4,4.27E-04,17.24,17.24,17.24
27,19:43:29,715.6,100.6,4.27E-04,17.23,17.24,17.23
30,19:43:31,715.6,108.4,4.17E-04,17.23,17.26,17.23
31,19:43:32,715.6,107.4,4.17E-04,17.25,17.26,17.25
34,19:43:34,715.6,129.1,4.27E-04,17.22,17.25,17.23
38,19:43:36,715.6,115.6,4.27E-04,17.21,17.22,17.21
39,19:43:37,715.6,107.6,4.37E-04,17.21,17.22,17.21
41,19:43:39,715.6,136.6,4.27E-04,17.21,17.22,17.21
42,19:43:40,715.6,92.6,4.37E-04,17.21,17.22,17.21
45,19:43:42,715.6,116.2,4.37E-04,17.21,17.22,17.21
51,19:43:45,715.6,112,4.27E-04,17.21,17.23,17.21
52,19:43:46,715.6,143.8,4.27E-04,17.23,17.24,17.23
55,19:43:48,99,99,4.37E-04,17.22,17.22,17.22
56,19:43:49,715.6,117.6,4.27E-04,17.22,17.24,17.22
59,19:43:51,715.6,121.2,4.37E-04,17.2,17.24,17.21
63,19:43:53,715.6,116,4.47E-04,17.2,17.22,17.21
64,19:43:54,715.6,117.8,4.37E-04,17.2,17.22,17.2
66,19:43:55,715.6,129,4.27E-04,17.2,17.22,17.2
67,19:43:56,715.6,90.6,4.27E-04,17.23,17.23,17.23
70,19:43:58,715.6,101,4.37E-04,17.21,17.23,17.21
71,19:43:59,715.6,122.6,4.37E-04,17.21,17.22,17.21
74,19:44:01,715.6,106.4,4.37E-04,17.21,17.22,17.21
76,19:44:02,715.6,103.8,4.47E-04,17.19,17.21,17.2
78,19:44:03,715.6,130.2,4.47E-04,17.19,17.19,17.19
79,19:44:04,715.6,99.4,4.47E-04,17.19,17.21,17.2
82,19:44:06,715.6,123.4,4.37E-04,17.21,17.23,17.22
83,19:44:07,715.6,104.4,4.37E-04,17.2,17.21,17.2
85,19:44:08,715.6,108.6,4.27E-04,17.2,17.22,17.21
89,19:44:11,100.8,100.8,4.37E-04,17.22,17.22,17.22
90,19:44:12,715.6,134,4.27E-04,17.22,17.23,17.22
93,19:44:13,715.6,105.4,4.37E-04,17.22,17.23,17.22
94,19:44:14,715.6,145.4,4.37E-04,17.22,17.22,17.22
97,19:44:16,193.6,193.6,4.27E-04,17.22,17.23,17.22
98,19:44:17,715.6,136.6,4.27E-04,17.23,17.24,17.23
100,19:44:18,715.6,126.2,4.27E-04,17.23,17.24,17.23
102,19:44:20,715.6,126.8,4.27E-04,17.22,17.23,17.22
104,19:44:22,715.6,112.8,4.27E-04,17.22,17.24,17.23
110,19:44:26,715.6,155.5,4.27E-04,17.21,17.24,17.21
112,19:44:27,715.6,118.4,4.47E-04,17.21,17.21,17.21
113,19:44:28,715.6,124.4,4.37E-04,17.21,17.21,17.21
115,19:44:29,715.6,126.2,4.47E-04,17.21,17.21,17.21
116,19:44:30,715.6,123.4,4.47E-04,17.19,17.21,17.2
119,19:44:32,715.6,126.4,4.27E-04,17.19,17.23,17.21
120,19:44:33,715.6,116.6,4.37E-04,17.21,17.23,17.22
123,19:44:35,715.6,116.7,4.27E-04,17.21,17.22,17.21
125,19:44:36,715.6,111,4.37E-04,17.21,17.22,17.21
126,19:44:37,715.6,108.2,4.27E-04,17.21,17.23,17.21
127,19:44:38,715.6,121.4,4.27E-04,17.23,17.23,17.23
128,19:44:39,715.6,113,4.27E-04,17.22,17.23,17.22
136,19:44:44,715.6,113.6,4.37E-04,17.21,17.24,17.22
138,19:44:45,715.6,125.2,4.17E-04,17.21,17.23,17.22
139,19:44:46,715.6,117.2,4.27E-04,17.23,17.23,17.23
142,19:44:48,715.6,117.8,4.37E-04,17.2,17.23,17.21
146,19:44:50,715.6,111.6,4.17E-04,17.2,17.24,17.22
147,19:44:51,715.6,134.4,4.27E-04,17.22,17.24,17.23
149,19:44:52,715.6,119.6,4.37E-04,17.22,17.23,17.22
153,19:44:55,715.6,103.2,4.07E-04,17.22,17.26,17.23
154,19:44:56,715.6,141,4.17E-04,17.23,17.26,17.24
157,19:44:58,715.6,103.6,4.17E-04,17.23,17.24,17.23
159,19:44:59,715.6,115.6,4.27E-04,17.24,17.24,17.24
161,19:45:00,715.6,132,4.27E-04,17.23,17.24,17.23
165,19:45:03,97.2,97.2,4.27E-04,17.25,17.25,17.25
166,19:45:04,715.6,119.4,4.07E-04,17.25,17.25,17.25
169,19:45:06,715.6,129.3,4.27E-04,17.2,17.25,17.22
173,19:45:08,715.6,113.8,4.37E-04,17.2,17.23,17.2
174,19:45:09,715.6,111,4.27E-04,17.23,17.23,17.23
177,19:45:11,715.6,108.6,4.47E-04,17.19,17.23,17.2
178,19:45:12,715.6,116,4.47E-04,17.19,17.21,17.19
181,19:45:13,715.6,123.2,4.37E-04,17.21,17.23,17.22
185,19:45:16,113.2,113.2,4.47E-04,17.19,17.21,17.19
186,19:45:17,715.6,154,4.37E-04,17.19,17.22,17.19
187,19:45:19,715.6,133.8,4.37E-04,17.2,17.21,17.2
189,19:45:21,715.6,123.8,4.37E-04,17.19,17.2,17.19
197,19:45:25,715.6,103,4.47E-04,17.18,17.2,17.18
199,19:45:27,715.6,144.2,4.37E-04,17.2,17.22,17.2
200,19:45:28,715.6,127,4.37E-04,17.22,17.22,17.22
203,19:45:30,715.6,128.6,4.37E-04,17.21,17.22,17.21
205,19:45:31,715.6,144,4.27E-04,17.21,17.23,17.21
207,19:45:32,715.6,104.4,4.37E-04,17.21,17.23,17.21
211,19:45:35,715.6,109.4,4.27E-04,17.22,17.23,17.22
212,19:45:36,715.6,129.6,4.27E-04,17.23,17.24,17.23
214,19:45:38,715.6,128.2,4.37E-04,17.21,17.24,17.22
216,19:45:40,715.6,111.2,4.37E-04,17.21,17.23,17.21
217,19:45:41,715.6,115.6,4.27E-04,17.23,17.24,17.23
227,19:45:46,715.6,116.4,4.37E-04,17.2,17.24,17.21
231,19:45:49,715.6,123.8,4.37E-04,17.19,17.21,17.19
232,19:45:50,715.6,114,4.37E-04,17.2,17.21,17.2
235,19:45:52,715.6,109.7,4.57E-04,17.18,17.2,17.18
237,19:45:53,715.6,138.2,4.47E-04,17.18,17.19,17.18
239,19:45:54,715.6,135.8,4.37E-04,17.19,17.21,17.2
243,19:45:57,715.6,96,4.57E-04,17.17,17.21,17.19
244,19:45:58,715.6,131,4.57E-04,17.17,17.18,17.17
247,19:46:00,715.6,111.6,4.47E-04,17.18,17.2,17.19
251,19:46:02,118.8,118.8,4.47E-04,17.19,17.21,17.19
252,19:46:03,715.6,126,4.37E-04,17.21,17.21,17.21
254,19:46:04,715.6,95.6,4.47E-04,17.2,17.21,17.2
256,19:46:06,715.6,123.4,4.37E-04,17.21,17.21,17.21
258,19:46:07,715.6,91.6,4.57E-04,17.19,17.21,17.19
259,19:46:08,715.6,104,4.57E-04,17.18,17.19,17.18
262,19:46:10,127.4,127.4,4.57E-04,17.17,17.17,17.17
263,19:46:11,715.6,91.6,4.57E-04,17.17,17.18,17.17
266,19:46:13,715.6,96.2,4.47E-04,17.18,17.19,17.18
270,19:46:15,715.6,99,4.68E-04,17.17,17.19,17.17
271,19:46:16,715.6,126,4.57E-04,17.17,17.19,17.17
273,19:46:17,177,177,4.68E-04,17.19,17.2,17.19
274,19:46:18,715.6,109.2,4.68E-04,17.17,17.17,17.17
275,19:46:19,715.6,103.8,4.68E-04,17.16,17.17,17.16
276,19:46:21,715.6,135,4.68E-04,17.16,17.16,17.16
278,19:46:22,715.6,116.4,4.68E-04,17.15,17.16,17.15
282,19:46:24,715.6,104.2,4.79E-04,17.14,17.17,17.15
284,19:46:26,715.6,133.2,4.47E-04,17.17,17.18,17.17
285,19:46:27,715.6,121.4,4.47E-04,17.18,17.19,17.18
287,19:46:28,715.6,108.2,4.47E-04,17.18,17.19,17.18
289,19:46:29,715.6,112.6,4.37E-04,17.18,17.2,17.19
293,19:46:32,715.6,137.4,4.37E-04,17.19,17.22,17.2
294,19:46:33,715.6,118,4.47E-04,17.19,17.21,17.19
297,19:46:35,715.6,107.9,4.47E-04,17.2,17.21,17.2
299,19:46:37,715.6,118,4.37E-04,17.2,17.22,17.2
300,19:46:38,715.6,144,4.47E-04,17.19,17.2,17.19
301,19:46:39,715.6,115.6,4.47E-04,17.19,17.2,17.19
303,19:46:41,715.6,90.4,4.47E-04,17.2,17.2,17.2
312,19:46:46,715.6,116.8,4.37E-04,17.18,17.21,17.19
313,19:46:47,715.6,113.4,4.47E-04,17.19,17.21,17.2
315,19:46:48,715.6,114.4,4.47E-04,17.18,17.2,17.18
317,19:46:50,715.6,126.2,4.37E-04,17.2,17.21,17.2
319,19:46:51,715.6,115.4,4.57E-04,17.18,17.21,17.19
320,19:46:52,715.6,98.6,4.57E-04,17.18,17.18,17.18
323,19:46:54,715.6,119,4.47E-04,17.18,17.19,17.18
324,19:46:55,715.6,128.8,4.47E-04,17.18,17.19,17.18
327,19:46:57,715.6,108.7,4.47E-04,17.18,17.2,17.19
328,19:46:58,715.6,94.8,4.47E-04,17.2,17.21,17.2
331,19:46:59,715.6,116,4.27E-04,17.21,17.21,17.21
332,19:47:00,715.6,122.8,4.27E-04,17.21,17.22,17.21
336,19:47:03,715.6,118,4.47E-04,17.19,17.21,17.19
338,19:47:04,715.6,119.2,4.47E-04,17.2,17.21,17.2
340,19:47:05,715.6,113.2,4.37E-04,17.2,17.21,17.2
342,19:47:07,715.6,125.8,4.57E-04,17.19,17.2,17.19
344,19:47:08,715.6,106,4.37E-04,17.19,17.21,17.2
345,19:47:09,715.6,94.6,4.37E-04,17.2,17.21,17.2
348,19:47:11,715.6,126,4.47E-04,17.18,17.2,17.19
349,19:47:12,715.6,129.8,4.37E-04,17.2,17.22,17.2
352,19:47:14,715.6,81.5,4.37E-04,17.2,17.22,17.21
356,19:47:16,715.6,98.2,4.37E-04,17.19,17.2,17.19
357,19:47:17,715.6,141.8,4.57E-04,17.19,17.19,17.19
358,19:47:19,715.6,79.4,4.47E-04,17.2,17.2,17.2
359,19:47:21,715.6,128.4,4.57E-04,17.16,17.2,17.17
360,19:47:22,715.6,127.4,4.47E-04,17.18,17.18,17.18
366,19:47:25,715.6,126.6,4.57E-04,17.16,17.19,17.17
367,19:47:26,715.6,92.2,4.57E-04,17.18,17.19,17.18
371,19:47:29,715.6,123,4.57E-04,17.17,17.18,17.17
373,19:47:30,715.6,106.4,4.57E-04,17.18,17.18,17.18
375,19:47:31,715.6,108.6,4.47E-04,17.18,17.19,17.18
379,19:47:34,715.6,116.4,4.57E-04,17.17,17.2,17.17
380,19:47:35,715.6,128,4.57E-04,17.17,17.19,17.17
383,19:47:37,715.6,104.5,4.57E-04,17.18,17.19,17.18
384,19:47:38,715.6,107.8,4.57E-04,17.18,17.19,17.18
385,19:47:40,715.6,171.8,4.57E-04,17.17,17.19,17.17
395,19:47:46,715.6,114.9,4.47E-04,17.16,17.21,17.19
397,19:47:47,715.6,99.8,4.37E-04,17.19,17.21,17.2
399,19:47:48,715.6,107.6,4.68E-04,17.15,17.19,17.16
400,19:47:49,715.6,118.2,4.68E-04,17.15,17.17,17.16
403,19:47:51,715.6,98.2,4.47E-04,17.17,17.2,17.18
404,19:47:52,715.6,104.4,4.47E-04,17.19,17.19,17.19
407,19:47:54,715.6,114.2,4.57E-04,17.17,17.2,17.18
411,19:47:56,90.6,90.6,4.37E-04,17.21,17.21,17.21
415,19:47:59,715.6,118.2,4.47E-04,17.19,17.21,17.19
416,19:48:00,715.6,102,4.37E-04,17.2,17.21,17.2
419,19:48:01,715.6,129.4,4.47E-04,17.19,17.21,17.19
423,19:48:04,715.6,114,4.37E-04,17.19,17.21,17.2
424,19:48:05,715.6,134,4.47E-04,17.17,17.21,17.19
427,19:48:07,715.6,100.3,4.68E-04,17.16,17.17,17.16
431,19:48:09,73.8,73.8,4.47E-04,17.16,17.2,17.18
432,19:48:10,715.6,90,4.57E-04,17.19,17.2,17.19
434,19:48:11,715.6,99.2,4.47E-04,17.19,17.2,17.19
435,19:48:12,715.6,109,4.47E-04,17.19,17.19,17.19
438,19:48:15,715.6,120.4,4.47E-04,17.19,17.2,17.19
441,19:48:17,715.6,110,4.27E-04,17.2,17.22,17.21
442,19:48:18,715.6,128.6,4.37E-04,17.2,17.22,17.21
444,19:48:19,715.6,104,4.57E-04,17.2,17.2,17.2
445,19:48:20,715.6,149.8,4.57E-04,17.18,17.2,17.18
446,19:48:21,715.6,99.2,4.57E-04,17.18,17.19,17.18
454,19:48:25,715.6,126,4.57E-04,17.16,17.19,17.18
455,19:48:26,715.6,169.6,4.57E-04,17.17,17.18,17.17
456,19:48:27,715.6,122.8,4.57E-04,17.17,17.19,17.17
458,19:48:28,715.6,121.8,4.57E-04,17.18,17.19,17.18
462,19:48:31,715.6,126.2,4.47E-04,17.17,17.19,17.17
463,19:48:32,715.6,89,4.57E-04,17.19,17.19,17.19
466,19:48:34,715.6,130.4,4.57E-04,17.17,17.19,17.17
468,19:48:35,715.6,102,4.57E-04,17.18,17.18,17.18
470,19:48:36,715.6,107.8,4.47E-04,17.18,17.19,17.18
471,19:48:37,715.6,119.4,4.47E-04,17.19,17.19,17.19
474,19:48:39,715.6,105.6,4.47E-04,17.18,17.2,17.19
475,19:48:40,715.6,122.4,4.47E-04,17.18,17.21,17.19
484,19:48:45,715.6,107.8,4.37E-04,17.19,17.22,17.2
485,19:48:46,715.6,124.8,4.37E-04,17.21,17.22,17.21
488,19:48:48,715.6,134,4.47E-04,17.2,17.22,17.21
490,19:48:49,715.6,103.4,4.37E-04,17.2,17.22,17.2
492,19:48:50,715.6,118.2,4.37E-04,17.22,17.23,17.22
496,19:48:53,715.6,126.2,4.47E-04,17.2,17.21,17.2
497,19:48:54,715.6,101.8,4.47E-04,17.18,17.2,17.19
498,19:48:55,715.6,111.8,4.57E-04,17.18,17.19,17.18
501,19:48:57,92.8,92.8,4.57E-04,17.17,17.2,17.19
503,19:48:58,715.6,131.2,4.57E-04,17.17,17.18,17.17
505,19:48:59,715.6,106.2,4.37E-04,17.18,17.2,17.19
506,19:49:00,715.6,143.8,4.37E-04,17.2,17.2,17.2
509,19:49:02,715.6,138,4.57E-04,17.17,17.2,17.18
510,19:49:03,715.6,134.2,4.57E-04,17.17,17.19,17.17
513,19:49:05,715.6,97.4,4.57E-04,17.17,17.19,17.17
515,19:49:06,715.6,125.8,4.57E-04,17.17,17.19,17.17
517,19:49:07,715.6,99.2,4.47E-04,17.19,17.19,17.19
521,19:49:10,715.6,98,4.37E-04,17.19,17.22,17.2
522,19:49:11,715.6,113,4.47E-04,17.18,17.22,17.2
524,19:49:12,715.6,125.8,4.47E-04,17.18,17.2,17.18
526,19:49:13,715.6,108.4,4.47E-04,17.2,17.2,17.2
528,19:49:15,715.6,107.6,4.47E-04,17.2,17.2,17.2
530,19:49:16,715.6,117,4.27E-04,17.2,17.21,17.2
531,19:49:17,715.6,128,4.27E-04,17.21,17.22,17.21
534,19:49:19,715.6,117.8,4.37E-04,17.21,17.22,17.21
535,19:49:20,715.6,101.2,4.27E-04,17.22,17.23,17.22
536,19:49:21,715.6,126,4.27E-04,17.23,17.23,17.23
543,19:49:26,210.2,137.2,4.17E-04,17.2,17.24,17.22
545,19:49:27,715.6,95.2,4.37E-04,17.22,17.24,17.23
546,19:49:28,715.6,124.4,4.27E-04,17.22,17.22,17.22
549,19:49:30,715.6,89.9,4.37E-04,17.21,17.22,17.21
553,19:49:32,715.6,115.4,4.37E-04,17.21,17.22,17.21
554,19:49:33,715.6,122,4.37E-04,17.2,17.22,17.21
557,19:49:35,715.6,84.2,4.47E-04,17.17,17.21,17.19
558,19:49:36,715.6,102.6,4.27E-04,17.21,17.23,17.21
559,19:49:38,715.6,128.9,4.47E-04,17.19,17.23,17.2
561,19:49:40,715.6,97.2,4.47E-04,17.18,17.2,17.18
563,19:49:41,715.6,105.4,4.47E-04,17.19,17.2,17.19
572,19:49:46,715.6,113.8,4.57E-04,17.18,17.19,17.18
573,19:49:47,715.6,114.8,4.57E-04,17.18,17.19,17.18
576,19:49:49,715.6,110.8,4.47E-04,17.18,17.22,17.18
577,19:49:50,715.6,104,4.37E-04,17.21,17.22,17.21
580,19:49:52,715.6,135.1,4.57E-04,17.17,17.21,17.18
584,19:49:54,715.6,110.6,4.37E-04,17.17,17.2,17.18
585,19:49:55,715.6,79.8,4.47E-04,17.2,17.2,17.2
587,19:49:56,715.6,110.6,4.37E-04,17.2,17.21,17.2
588,19:49:57,715.6,149.4,4.37E-04,17.19,17.19,17.19
589,19:49:58,715.6,116.6,4.47E-04,17.19,17.21,17.19
591,19:49:59,715.6,114.2,4.37E-04,17.21,17.22,17.21
592,19:50:00,715.6,121.6,4.37E-04,17.22,17.22,17.22
595,19:50:02,715.6,125.8,4.47E-04,17.2,17.22,17.2
596,19:50:03,715.6,125.4,4.37E-04,17.2,17.23,17.2
598,19:50:04,715.6,130.2,4.47E-04,17.21,17.23,17.21
599,19:50:05,715.6,123.6,4.47E-04,17.2,17.21,17.2
602,19:50:07,715.6,110.6,4.47E-04,17.19,17.21,17.2
603,19:50:08,715.6,127.8,4.47E-04,17.19,17.2,17.19
606,19:50:10,715.6,107.1,4.47E-04,17.19,17.21,17.19
608,19:50:11,715.6,112.6,4.57E-04,17.19,17.19,17.19
609,19:50:12,715.6,122.4,4.47E-04,17.19,17.2,17.19
611,19:50:13,715.6,120.8,4.47E-04,17.19,17.2,17.19
612,19:50:14,715.6,132.2,4.47E-04,17.2,17.2,17.2
615,19:50:16,715.6,114.2,4.57E-04,17.18,17.2,17.19
616,19:50:17,715.6,109,4.47E-04,17.18,17.19,17.18
617,19:50:19,715.6,131.4,4.57E-04,17.19,17.19,17.19
618,19:50:20,715.6,88,4.57E-04,17.18,17.19,17.18
619,19:50:21,715.6,99.6,4.47E-04,17.18,17.19,17.18
626,19:50:25,715.6,120.8,4.47E-04,17.19,17.21,17.19
628,19:50:26,715.6,129.4,4.37E-04,17.2,17.21,17.2
631,19:50:28,715.6,132.7,4.27E-04,17.2,17.23,17.21
632,19:50:29,715.6,115.4,4.27E-04,17.22,17.23,17.22
634,19:50:30,715.6,111.4,4.37E-04,17.22,17.22,17.22
635,19:50:31,715.6,119.6,4.37E-04,17.21,17.22,17.21
638,19:50:33,715.6,130,4.47E-04,17.18,17.21,17.19
639,19:50:34,715.6,108,4.57E-04,17.17,17.18,17.17
642,19:50:36,715.6,119.6,4.57E-04,17.17,17.2,17.18
644,19:50:37,715.6,116.4,4.57E-04,17.16,17.18,17.17
645,19:50:38,715.6,110.6,4.68E-04,17.16,17.18,17.16
648,19:50:40,715.6,119.1,4.68E-04,17.17,17.18,17.17
652,19:50:42,715.6,115,4.47E-04,17.17,17.2,17.18
655,19:50:44,715.6,124.6,4.47E-04,17.18,17.2,17.18
658,19:50:46,715.6,100,4.47E-04,17.19,17.2,17.19
659,19:50:47,715.6,122,4.57E-04,17.18,17.19,17.18
662,19:50:49,715.6,171.4,4.57E-04,17.17,17.19,17.17
664,19:50:50,715.6,103.8,4.57E-04,17.17,17.17,17.17
666,19:50:51,715.6,99.2,4.57E-04,17.17,17.2,17.18
670,19:50:54,715.6,115.2,4.47E-04,17.17,17.2,17.17
671,19:50:55,715.6,100.2,4.37E-04,17.2,17.23,17.21
674,19:50:56,715.6,109.8,4.47E-04,17.19,17.23,17.2
678,19:50:59,715.6,132,4.27E-04,17.19,17.22,17.2
679,19:51:00,715.6,122.4,4.57E-04,17.19,17.2,17.19
682,19:51:02,715.6,112.3,4.57E-04,17.18,17.19,17.18
684,19:51:03,715.6,110.6,4.57E-04,17.18,17.18,17.18
686,19:51:04,715.6,127.8,4.47E-04,17.18,17.2,17.19
690,19:51:07,715.6,124,4.57E-04,17.19,17.2,17.19
691,19:51:08,715.6,121.6,4.47E-04,17.19,17.2,17.19
694,19:51:10,715.6,108.2,4.47E-04,17.2,17.2,17.2
698,19:51:12,715.6,113.4,4.37E-04,17.19,17.2,17.19
699,19:51:13,715.6,101.8,4.37E-04,17.19,17.2,17.19
701,19:51:14,715.6,104,4.37E-04,17.2,17.22,17.21
703,19:51:16,715.6,95.8,4.37E-04,17.21,17.22,17.21
705,19:51:17,715.6,119.4,4.27E-04,17.21,17.21,17.21
706,19:51:18,715.6,94.4,4.27E-04,17.21,17.23,17.22
707,19:51:19,715.6,118.2,4.37E-04,17.19,17.23,17.21
714,19:51:23,715.6,110.2,4.47E-04,17.17,17.2,17.18
715,19:51:24,715.6,147,4.68E-04,17.17,17.18,17.17
716,19:51:25,715.6,128.8,4.68E-04,17.18,17.18,17.18
719,19:51:27,715.6,100.6,4.47E-04,17.18,17.19,17.18
723,19:51:29,126,126,4.47E-04,17.18,17.18,17.18
724,19:51:30,715.6,136.6,4.68E-04,17.16,17.18,17.17
727,19:51:32,715.6,90.2,4.57E-04,17.16,17.19,17.18
731,19:51:34,715.6,111.2,4.47E-04,17.19,17.2,17.19
732,19:51:35,715.6,119.4,4.47E-04,17.19,17.19,17.19
734,19:51:36,715.6,115.4,4.57E-04,17.17,17.19,17.18
735,19:51:37,715.6,122.6,4.57E-04,17.17,17.17,17.17
736,19:51:39,715.6,108.7,4.57E-04,17.16,17.19,17.17
737,19:51:40,715.6,116.2,4.57E-04,17.16,17.2,17.18
747,19:51:46,715.6,109.4,4.37E-04,17.19,17.21,17.2
749,19:51:47,715.6,127.4,4.47E-04,17.18,17.2,17.19
751,19:51:48,715.6,112,4.47E-04,17.18,17.18,17.18
752,19:51:49,715.6,155,4.47E-04,17.18,17.21,17.19
755,19:51:51,715.6,119.2,4.47E-04,17.2,17.21,17.2
756,19:51:52,715.6,120,4.47E-04,17.2,17.2,17.2
759,19:51:54,715.6,133.4,4.27E-04,17.2,17.22,17.21
763,19:51:56,63.2,63.2,4.47E-04,17.2,17.2,17.2
764,19:51:57,715.6,100.4,4.47E-04,17.2,17.2,17.2
766,19:51:58,715.6,135.4,4.27E-04,17.2,17.23,17.21
768,19:52:00,715.6,110.2,4.37E-04,17.22,17.23,17.22
770,19:52:01,715.6,99,4.47E-04,17.21,17.22,17.21
771,19:52:02,715.6,81.8,4.47E-04,17.18,17.21,17.19
774,19:52:04,715.6,120.2,4.27E-04,17.18,17.23,17.2
775,19:52:05,715.6,135.2,4.37E-04,17.21,17.23,17.22
778,19:52:07,715.6,134.1,4.37E-04,17.21,17.22,17.21
782,19:52:09,715.6,134.6,4.27E-04,17.22,17.23,17.22
783,19:52:10,715.6,113.2,4.37E-04,17.22,17.22,17.22
786,19:52:12,715.6,106.9,4.37E-04,17.21,17.21,17.21
787,19:52:13,715.6,132.8,4.27E-04,17.21,17.23,17.21
790,19:52:15,715.6,121.4,4.47E-04,17.19,17.23,17.2
794,19:52:17,715.6,114.4,4.47E-04,17.19,17.2,17.19
795,19:52:18,715.6,130.6,4.37E-04,17.2,17.21,17.2
796,19:52:19,715.6,114.2,4.37E-04,17.21,17.21,17.21
797,19:52:20,715.6,112.8,4.37E-04,17.22,17.22,17.22
798,19:52:21,715.6,116.2,4.37E-04,17.2,17.22,17.21
802,19:52:23,715.6,121.8,4.37E-04,17.2,17.23,17.21
803,19:52:24,715.6,123.2,4.37E-04,17.22,17.23,17.22
806,19:52:26,715.6,111.6,4.37E-04,17.2,17.22,17.2
807,19:52:27,715.6,122.4,4.37E-04,17.2,17.21,17.2
810,19:52:29,715.6,108.5,4.47E-04,17.19,17.21,17.19
811,19:52:30,715.6,126,4.47E-04,17.19,17.21,17.19
814,19:52:31,715.6,124,4.37E-04,17.21,17.22,17.21
818,19:52:34,87.8,87.8,4.37E-04,17.22,17.22,17.22
819,19:52:35,715.6,117.2,4.37E-04,17.2,17.22,17.21
821,19:52:36,715.6,119.4,4.37E-04,17.19,17.2,17.19
822,19:52:37,715.6,96.8,4.37E-04,17.19,17.2,17.19
824,19:52:39,715.6,108,4.57E-04,17.18,17.2,17.18
825,19:52:40,715.6,99.8,4.37E-04,17.18,17.22,17.19
832,19:52:44,715.6,114.8,4.47E-04,17.18,17.22,17.19
834,19:52:46,715.6,137,4.27E-04,17.19,17.23,17.21
838,19:52:48,715.6,112.8,4.47E-04,17.19,17.23,17.21
839,19:52:49,715.6,84.6,4.37E-04,17.19,17.22,17.2
842,19:52:51,715.6,154.9,4.37E-04,17.2,17.22,17.21
846,19:52:53,715.6,111.6,4.47E-04,17.18,17.2,17.18
847,19:52:54,715.6,109.4,4.47E-04,17.19,17.2,17.19
850,19:52:56,715.6,120.1,4.57E-04,17.18,17.2,17.18
851,19:52:57,715.6,110.4,4.57E-04,17.18,17.18,17.18
853,19:52:58,715.6,122.8,4.57E-04,17.18,17.19,17.18
854,19:52:59,715.6,103.8,4.57E-04,17.19,17.19,17.19
857,19:53:01,715.6,118.8,4.37E-04,17.19,17.2,17.19
858,19:53:02,715.6,112.8,4.57E-04,17.17,17.2,17.18
861,19:53:04,715.6,97.1,4.47E-04,17.17,17.21,17.19
863,19:53:05,715.6,117,4.57E-04,17.16,17.21,17.19
865,19:53:06,715.6,112.8,4.57E-04,17.16,17.16,17.16
869,19:53:09,715.6,102.8,4.37E-04,17.17,17.21,17.18
870,19:53:10,715.6,105.4,4.37E-04,17.2,17.21,17.2
873,19:53:12,715.6,120.6,4.37E-04,17.2,17.23,17.21
877,19:53:14,715.6,130.4,4.27E-04,17.22,17.23,17.22
878,19:53:15,715.6,98.4,4.47E-04,17.19,17.22,17.2
881,19:53:17,715.6,111.7,4.37E-04,17.19,17.2,17.19
882,19:53:18,715.6,117.8,4.47E-04,17.2,17.2,17.2
883,19:53:20,715.6,108.4,4.37E-04,17.2,17.22,17.2
885,19:53:21,715.6,136,4.27E-04,17.22,17.23,17.22
886,19:53:22,715.6,106.8,4.17E-04,17.23,17.23,17.23
892,19:53:25,715.6,116.4,4.37E-04,17.2,17.23,17.21
893,19:53:26,715.6,135.8,4.37E-04,17.23,17.23,17.23
894,19:53:27,715.6,106.2,4.37E-04,17.22,17.23,17.22
895,19:53:28,715.6,114.2,4.27E-04,17.22,17.22,17.22
898,19:53:30,111.4,95.7,4.37E-04,17.21,17.22,17.21
900,19:53:31,715.6,131.2,4.27E-04,17.22,17.23,17.22
902,19:53:32,715.6,105.8,4.27E-04,17.23,17.24,17.23
906,19:53:35,715.6,107.4,4.47E-04,17.21,17.23,17.21
907,19:53:36,715.6,114.2,4.37E-04,17.21,17.22,17.21
908,19:53:38,715.6,135.9,4.47E-04,17.2,17.22,17.2
910,19:53:43,715.6,115.6,4.47E-04,17.19,17.2,17.19
911,19:53:44,158.6,158.6,4.37E-04,17.21,17.21,17.21
913,19:53:46,715.6,98.8,4.47E-04,17.2,17.21,17.2
916,19:53:47,111,111,4.57E-04,17.17,17.2,17.18
917,19:53:48,715.6,164,4.57E-04,17.17,17.18,17.17
918,19:53:49,715.6,107.6,4.47E-04,17.18,17.2,17.19
919,19:53:50,715.6,129.8,4.47E-04,17.2,17.2,17.2
922,19:53:52,715.6,117.2,4.47E-04,17.18,17.2,17.19
924,19:53:53,715.6,100.6,4.57E-04,17.18,17.19,17.18
926,19:53:54,715.6,121.2,4.47E-04,17.19,17.2,17.19
930,19:53:57,715.6,110,4.57E-04,17.18,17.2,17.19
931,19:53:58,715.6,125.2,4.47E-04,17.18,17.21,17.19
933,19:53:59,715.6,81.6,4.37E-04,17.21,17.21,17.21
936,19:54:01,715.6,122,4.68E-04,17.15,17.21,17.18
937,19:54:02,715.6,91.2,4.79E-04,17.15,17.15,17.15
939,19:54:03,715.6,94.2,4.47E-04,17.15,17.19,17.17
940,19:54:04,715.6,119.2,4.47E-04,17.19,17.2,17.19
943,19:54:06,122.6,122.6,4.57E-04,17.18,17.2,17.18
944,19:54:07,715.6,139.6,4.37E-04,17.18,17.2,17.18
947,19:54:09,715.6,96.6,4.37E-04,17.2,17.22,17.21
949,19:54:10,715.6,138.4,4.37E-04,17.21,17.22,17.21
951,19:54:11,715.6,115,4.47E-04,17.2,17.21,17.2
952,19:54:12,715.6,112.4,4.47E-04,17.2,17.2,17.2
953,19:54:13,715.6,97,4.37E-04,17.2,17.22,17.2
954,19:54:14,715.6,103.6,4.37E-04,17.2,17.22,17.21
955,19:54:15,715.6,105.2,4.47E-04,17.19,17.2,17.19
958,19:54:17,715.6,107.2,4.37E-04,17.19,17.2,17.19
960,19:54:18,715.6,97.6,4.47E-04,17.2,17.2,17.2
961,19:54:19,715.6,118.4,4.47E-04,17.19,17.2,17.19
962,19:54:20,715.6,104.2,4.37E-04,17.19,17.2,17.19
963,19:54:21,715.6,124.4,4.37E-04,17.2,17.22,17.21
970,19:54:25,715.6,115.6,4.37E-04,17.21,17.23,17.22
971,19:54:26,715.6,115,4.37E-04,17.21,17.21,17.21
974,19:54:28,715.6,136.2,4.47E-04,17.19,17.22,17.21
976,19:54:29,715.6,89.4,4.47E-04,17.19,17.2,17.19
978,19:54:30,715.6,118.4,4.27E-04,17.2,17.22,17.21
979,19:54:31,180.8,180.8,4.27E-04,17.22,17.22,17.22
982,19:54:33,715.6,111.8,4.37E-04,17.2,17.22,17.2
983,19:54:34,715.6,86.4,4.37E-04,17.2,17.21,17.2
984,19:54:35,715.6,131.4,4.37E-04,17.21,17.21,17.21
987,19:54:37,715.6,109.6,4.27E-04,17.21,17.22,17.21
988,19:54:38,715.6,119.6,4.57E-04,17.18,17.21,17.2
989,19:54:39,715.6,112.4,4.47E-04,17.18,17.2,17.18
992,19:54:41,107.2,107.2,4.57E-04,17.18,17.18,17.18
999,19:54:45,715.6,80,4.47E-04,17.17,17.2,17.18
1000,18:04:35,727.4,125.4,3.16E-04,17.4,17.48,17.44
1003,18:04:37,727.4,128.2,3.16E-04,17.44,17.46,17.45
1007,18:04:40,727.4,104.8,3.24E-04,17.45,17.46,17.45
1008,18:04:40,727.4,123.8,3.24E-04,17.43,17.45,17.43
1011,18:04:42,727.4,116.8,3.16E-04,17.43,17.45,17.44
1012,18:04:43,87.6,87.6,3.24E-04,17.44,17.44,17.44
1015,18:04:45,727.4,117.6,3.31E-04,17.42,17.44,17.42
1018,18:04:47,727.4,138.8,3.31E-04,17.42,17.43,17.42
1021,18:04:49,727.4,122.8,3.31E-04,17.42,17.43,17.42
1022,18:04:50,727.4,88.4,3.31E-04,17.42,17.42,17.42
1023,18:04:51,727.4,138.6,3.31E-04,17.42,17.42,17.42
1024,18:04:51,727.4,117.6,3.31E-04,17.42,17.43,17.42
1025,18:04:52,93.8,93.8,3.24E-04,17.43,17.44,17.43
1027,18:04:54,727.4,139.2,3.31E-04,17.42,17.44,17.42
1029,18:04:55,727.4,129.4,3.39E-04,17.4,17.42,17.4
1030,18:04:56,727.4,124.8,3.39E-04,17.4,17.4,17.4
1031,18:04:57,727.4,114.4,3.31E-04,17.4,17.41,17.4
1032,18:04:57,727.4,118.4,3.31E-04,17.41,17.42,17.41
1033,18:04:58,727.4,129.6,3.31E-04,17.42,17.43,17.42
1036,18:05:00,727.4,116,3.24E-04,17.41,17.44,17.42
1037,18:05:01,102.2,102.2,3.24E-04,17.44,17.44,17.44
1038,18:05:02,133.4,133.4,3.16E-04,17.46,17.46,17.46
1039,18:05:03,727.4,121.4,3.16E-04,17.44,17.46,17.44
1040,18:05:03,727.4,142.2,3.31E-04,17.41,17.44,17.42
1042,18:05:05,727.4,138.2,3.31E-04,17.41,17.42,17.41
1043,18:05:06,727.4,141.6,3.24E-04,17.42,17.43,17.42
1044,18:05:06,48,48,3.24E-04,17.44,17.44,17.44
1045,18:05:07,727.4,102.8,3.09E-04,17.44,17.46,17.45
1047,18:05:08,727.4,117.6,3.24E-04,17.44,17.46,17.44
1048,18:05:09,727.4,124.6,3.16E-04,17.44,17.45,17.44
1050,18:05:11,727.4,87.6,3.16E-04,17.45,17.46,17.45
1051,18:05:11,727.4,123.2,3.09E-04,17.46,17.47,17.46
1052,18:05:12,727.4,131,3.16E-04,17.45,17.47,17.45
1054,18:05:14,727.4,155.6,3.09E-04,17.45,17.47,17.46
1055,18:05:14,727.4,159.4,3.09E-04,17.47,17.48,17.47
1056,18:05:15,727.4,101,3.02E-04,17.48,17.48,17.48
1058,18:05:17,727.4,142.2,3.09E-04,17.47,17.48,17.47
1059,18:05:17,134.6,134.6,3.24E-04,17.43,17.43,17.43
1060,18:05:18,73.6,73.6,3.16E-04,17.45,17.45,17.45
1062,18:05:20,727.4,98.6,3.16E-04,17.45,17.45,17.45
1063,18:05:20,193.6,193.6,3.16E-04,17.44,17.44,17.44
1064,18:05:21,146.4,146.4,3.16E-04,17.45,17.45,17.45
1066,18:05:23,727.4,112.8,3.24E-04,17.43,17.45,17.43
1067,18:05:23,159,159,3.16E-04,17.45,17.45,17.45
1068,18:05:25,727.4,145,3.24E-04,17.44,17.45,17.44
1069,18:05:26,86.4,86.4,3.31E-04,17.43,17.43,17.43
1076,18:05:30,727.4,105.2,3.16E-04,17.43,17.46,17.45
1078,18:05:32,157.6,157.6,3.09E-04,17.47,17.47,17.47
1079,18:05:32,200.6,200.6,3.09E-04,17.47,17.47,17.47
1080,18:05:33,727.4,124.4,3.09E-04,17.47,17.47,17.47
1084,18:05:36,727.4,108.8,3.24E-04,17.43,17.47,17.44
1085,18:05:37,179.6,179.6,3.24E-04,17.43,17.43,17.43
1088,18:05:38,727.4,89.5,3.24E-04,17.43,17.46,17.44
1089,18:05:39,727.4,108.4,3.09E-04,17.44,17.47,17.46
1092,18:05:41,727.4,123.2,3.09E-04,17.46,17.46,17.46
1095,18:05:43,727.4,105.8,3.02E-04,17.46,17.49,17.48
1097,18:05:45,727.4,97,3.16E-04,17.45,17.49,17.46
1100,18:05:47,727.4,110.2,3.24E-04,17.43,17.45,17.43
1104,18:05:49,727.4,122,3.31E-04,17.41,17.46,17.44
1108,18:05:51,727.4,130.7,3.31E-04,17.41,17.41,17.41
1109,18:05:52,82,82,3.31E-04,17.41,17.41,17.41
1112,18:05:54,727.4,132.4,3.24E-04,17.41,17.44,17.42
1116,18:05:57,727.4,126.4,3.24E-04,17.44,17.45,17.44
1117,18:05:57,111.2,111.2,3.24E-04,17.43,17.43,17.43
1120,18:05:59,727.4,117.9,3.24E-04,17.43,17.45,17.44
1124,18:06:02,727.4,132.6,3.24E-04,17.43,17.44,17.43
1125,18:06:03,727.4,154.4,3.24E-04,17.43,17.43,17.43
1127,18:06:04,165,165,3.31E-04,17.42,17.43,17.42
1128,18:06:05,165,165,3.31E-04,17.42,17.42,17.42
1129,18:06:06,727.4,142.2,3.24E-04,17.42,17.43,17.42
1131,18:06:07,727.4,121,3.31E-04,17.42,17.43,17.42
1135,18:06:09,727.4,111.2,3.31E-04,17.42,17.43,17.42
1136,18:06:10,727.4,141.6,3.24E-04,17.42,17.43,17.42
1139,18:06:12,727.4,123,3.24E-04,17.43,17.45,17.44
1140,18:06:13,727.4,81.8,3.24E-04,17.43,17.43,17.43
1142,18:06:14,727.4,123.8,3.09E-04,17.43,17.46,17.44
1144,18:06:16,163.2,163.2,3.09E-04,17.46,17.46,17.46
1146,18:06:17,176.4,176.4,3.16E-04,17.45,17.45,17.45
1147,18:06:18,135.4,135.4,3.16E-04,17.45,17.45,17.45
1150,18:06:20,727.4,123.6,3.16E-04,17.45,17.45,17.45
1151,18:06:21,727.4,101.6,3.16E-04,17.45,17.46,17.45
1154,18:06:22,727.4,109,3.24E-04,17.44,17.46,17.45
1155,18:06:23,101.4,101.4,3.09E-04,17.46,17.46,17.46
1157,18:06:25,727.4,112.8,3.24E-04,17.43,17.46,17.43
1163,18:06:29,727.4,118.8,3.09E-04,17.43,17.47,17.44
1167,18:06:31,727.4,116.6,3.24E-04,17.44,17.47,17.45
1169,18:06:33,727.4,149.4,3.16E-04,17.44,17.46,17.45
1171,18:06:34,727.4,110.6,3.31E-04,17.41,17.46,17.45
1175,18:06:37,727.4,118.2,3.31E-04,17.41,17.42,17.41
1176,18:06:37,222.2,222.2,3.24E-04,17.43,17.43,17.43
1179,18:06:39,727.4,89.5,3.24E-04,17.43,17.45,17.43
1181,18:06:41,144,144,3.31E-04,17.42,17.42,17.42
1183,18:06:42,727.4,136,3.16E-04,17.42,17.45,17.43
1187,18:06:44,727.4,108.6,3.24E-04,17.42,17.45,17.43
1188,18:06:45,727.4,117.2,3.16E-04,17.44,17.45,17.44
1195,18:06:49,727.4,118.4,3.16E-04,17.43,17.45,17.43
1196,18:06:50,102,102,3.31E-04,17.42,17.42,17.42
1198,18:06:52,727.4,124,3.09E-04,17.42,17.47,17.45
1201,18:06:54,727.4,115.2,3.09E-04,17.46,17.48,17.46
1202,18:06:54,143,143,3.09E-04,17.47,17.47,17.47
1204,18:06:56,727.4,125.8,3.16E-04,17.45,17.47,17.45
1205,18:06:56,727.4,152.8,3.16E-04,17.45,17.45,17.45
1208,18:06:58,727.4,95.8,3.31E-04,17.43,17.45,17.43
1209,18:06:59,116.8,116.8,3.31E-04,17.42,17.42,17.42
1212,18:07:01,727.4,123.1,3.02E-04,17.42,17.48,17.46
1216,18:07:04,727.4,107.8,3.24E-04,17.44,17.48,17.44
1217,18:07:04,727.4,116.2,3.24E-04,17.43,17.44,17.43
1220,18:07:06,727.4,96.4,3.31E-04,17.41,17.43,17.41
1222,18:07:08,727.4,112.8,3.31E-04,17.42,17.42,17.42
1224,18:07:09,727.4,110.8,3.31E-04,17.42,17.43,17.42
1228,18:07:12,727.4,120,3.31E-04,17.42,17.45,17.43
1229,18:07:12,727.4,123.8,3.39E-04,17.4,17.42,17.4
1231,18:07:14,727.4,113.2,3.24E-04,17.4,17.44,17.41
1232,18:07:15,727.4,107,3.24E-04,17.44,17.44,17.44
1235,18:07:16,727.4,128.4,3.39E-04,17.41,17.44,17.41
1236,18:07:17,727.4,144.8,3.39E-04,17.41,17.41,17.41
1239,18:07:19,727.4,119.6,3.31E-04,17.41,17.43,17.42
1243,18:07:22,727.4,122.2,3.47E-04,17.4,17.43,17.4
1244,18:07:23,95,95,3.47E-04,17.38,17.38,17.38
1247,18:07:25,727.4,125.5,3.31E-04,17.38,17.42,17.41
1248,18:07:25,727.4,129.4,3.24E-04,17.42,17.43,17.42
1255,18:07:29,727.4,116.6,3.16E-04,17.41,17.46,17.44
1257,18:07:31,727.4,139.2,3.16E-04,17.44,17.46,17.44
1258,18:07:32,727.4,130.8,3.16E-04,17.46,17.46,17.46
1261,18:07:34,727.4,118.4,3.09E-04,17.46,17.47,17.46
1262,18:07:34,60.8,60.8,3.24E-04,17.44,17.44,17.44
1265,18:07:36,127.2,105.4,3.31E-04,17.41,17.41,17.41
1269,18:07:39,727.4,103.8,3.16E-04,17.41,17.46,17.43
1270,18:07:40,167,167,3.16E-04,17.46,17.46,17.46
1273,18:07:42,727.4,142.4,3.09E-04,17.44,17.47,17.46
1274,18:07:42,727.4,126,3.02E-04,17.47,17.48,17.47
1276,18:07:44,727.4,111.2,3.16E-04,17.45,17.48,17.47
1280,18:07:47,727.4,108.2,3.16E-04,17.44,17.46,17.44
1287,18:07:51,727.4,108.8,3.31E-04,17.41,17.46,17.43
1288,18:07:51,727.4,112,3.24E-04,17.41,17.44,17.43
1289,18:07:52,144.2,144.2,3.16E-04,17.45,17.45,17.45
1292,18:07:54,727.4,121.6,3.24E-04,17.43,17.45,17.43
1296,18:07:57,50.6,50.6,3.24E-04,17.44,17.44,17.44
1297,18:07:58,59.8,59.8,3.16E-04,17.46,17.46,17.46
1299,18:07:59,727.4,109.8,3.24E-04,17.43,17.46,17.44
1303,18:08:01,727.4,121.6,3.24E-04,17.43,17.44,17.43
1304,18:08:02,727.4,113.4,3.24E-04,17.43,17.44,17.43
1307,18:08:04,727.4,146,3.24E-04,17.43,17.45,17.44
1309,18:08:06,55.4,55.4,3.24E-04,17.44,17.44,17.44
1311,18:08:07,727.4,121.8,3.31E-04,17.43,17.44,17.43
1315,18:08:09,727.4,132.6,3.16E-04,17.43,17.45,17.44
1316,18:08:10,121,121,3.24E-04,17.44,17.44,17.44
1319,18:08:12,727.4,122.4,3.24E-04,17.44,17.45,17.44
1323,18:08:15,727.4,119,3.24E-04,17.42,17.44,17.43
1324,18:08:15,116.4,116.4,3.24E-04,17.43,17.43,17.43
1327,18:08:17,727.4,145,3.24E-04,17.42,17.44,17.43
1329,18:08:19,197.6,197.6,3.16E-04,17.44,17.44,17.44
1331,18:08:20,727.4,121,3.16E-04,17.44,17.45,17.44
1335,18:08:23,727.4,116.2,3.31E-04,17.42,17.45,17.43
1336,18:08:23,727.4,121.6,3.16E-04,17.42,17.45,17.44
1338,18:08:25,727.4,99.6,3.31E-04,17.42,17.45,17.43
1346,18:08:30,727.4,119.4,3.24E-04,17.42,17.45,17.43
1348,18:08:31,727.4,111.4,3.24E-04,17.43,17.44,17.43
1349,18:08:32,99.6,99.6,3.16E-04,17.45,17.45,17.45
1352,18:08:34,727.4,123.6,3.24E-04,17.44,17.45,17.44
1354,18:08:36,85,85,3.24E-04,17.43,17.43,17.43
1356,18:08:37,727.4,105.8,3.24E-04,17.43,17.45,17.44
1360,18:08:39,727.4,117.8,3.24E-04,17.44,17.45,17.44
1362,18:08:41,727.4,123.2,3.24E-04,17.43,17.44,17.43
1364,18:08:42,727.4,113,3.09E-04,17.43,17.47,17.45
1367,18:08:45,727.4,105.4,3.16E-04,17.44,17.47,17.44
1368,18:08:46,727.4,130.2,3.16E-04,17.44,17.45,17.44
1370,18:08:47,102.6,102.6,3.16E-04,17.45,17.46,17.45
1377,18:08:51,727.4,145.9,3.02E-04,17.44,17.48,17.46
1379,18:08:53,727.4,125.8,3.09E-04,17.47,17.48,17.47
1382,18:08:54,727.4,117.8,3.02E-04,17.45,17.47,17.45
1383,18:08:55,727.4,143.6,3.02E-04,17.48,17.48,17.48
1386,18:08:57,104.2,104.2,3.24E-04,17.43,17.43,17.43
1388,18:08:59,727.4,116.2,3.16E-04,17.43,17.45,17.44
1390,18:09:00,727.4,129,3.31E-04,17.42,17.45,17.43
1394,18:09:02,727.4,113.4,3.24E-04,17.42,17.44,17.43
1395,18:09:03,104.2,104.2,3.24E-04,17.44,17.44,17.44
1398,18:09:05,727.4,130.2,3.09E-04,17.44,17.48,17.47
1400,18:09:06,104.8,104.8,3.16E-04,17.45,17.45,17.45
1402,18:09:08,727.4,100.6,3.09E-04,17.45,17.46,17.45
1403,18:09:09,727.4,96,3.09E-04,17.46,17.46,17.46
1406,18:09:11,727.4,109.4,3.09E-04,17.46,17.48,17.47
1407,18:09:11,727.4,152.2,3.16E-04,17.45,17.47,17.45
1409,18:09:13,727.4,123.2,3.09E-04,17.43,17.46,17.43
1410,18:09:14,727.4,118.2,3.09E-04,17.46,17.46,17.46
1413,18:09:15,727.4,103.4,3.09E-04,17.46,17.48,17.47
1414,18:09:16,727.4,109.6,3.24E-04,17.44,17.46,17.44
1417,18:09:18,727.4,115.7,3.16E-04,17.44,17.45,17.44
1421,18:09:21,727.4,100.6,3.09E-04,17.45,17.47,17.45
1422,18:09:21,727.4,136.8,3.09E-04,17.46,17.47,17.46
1425,18:09:23,727.4,104,3.09E-04,17.46,17.46,17.46
1426,18:09:24,727.4,109.4,3.02E-04,17.46,17.48,17.47
1427,18:09:26,727.4,108,3.31E-04,17.43,17.48,17.45
1434,18:09:30,727.4,136,3.09E-04,17.43,17.48,17.45
1435,18:09:31,727.4,101,3.09E-04,17.46,17.47,17.46
1438,18:09:32,727.4,100.9,2.95E-04,17.46,17.5,17.49
1439,18:09:33,727.4,166,2.95E-04,17.5,17.5,17.5
1441,18:09:35,727.4,117.6,3.02E-04,17.48,17.5,17.49
1442,18:09:35,94.6,94.6,3.02E-04,17.48,17.48,17.48
1445,18:09:37,727.4,108.4,3.02E-04,17.48,17.49,17.48
1447,18:09:39,156.4,156.4,3.02E-04,17.48,17.48,17.48
1449,18:09:40,727.4,104.4,3.09E-04,17.46,17.48,17.46
1453,18:09:43,727.4,123.4,3.09E-04,17.46,17.48,17.47
1454,18:09:43,727.4,129.4,3.09E-04,17.46,17.47,17.46
1457,18:09:45,27.4,27.4,3.24E-04,17.43,17.47,17.44
1463,18:09:49,727.4,120.6,3.24E-04,17.43,17.48,17.46
1464,18:09:50,110.8,110.8,3.24E-04,17.44,17.44,17.44
1465,18:09:51,66.2,66.2,3.16E-04,17.45,17.45,17.45
1467,18:09:53,137,137,3.09E-04,17.46,17.46,17.46
1468,18:09:54,727.4,144,3.09E-04,17.46,17.47,17.46
1470,18:09:55,727.4,110.8,3.16E-04,17.46,17.47,17.46
1471,18:09:56,727.4,144.8,3.16E-04,17.46,17.46,17.46
1474,18:09:58,146,146,3.09E-04,17.46,17.48,17.47
1475,18:09:58,727.4,116.6,3.09E-04,17.47,17.47,17.47
1478,18:10:00,727.4,105,3.02E-04,17.47,17.49,17.48
1479,18:10:01,112.6,112.6,3.16E-04,17.45,17.45,17.45
1482,18:10:03,727.4,99.6,3.09E-04,17.44,17.46,17.45
1486,18:10:06,727.4,115.6,3.09E-04,17.46,17.47,17.46
1487,18:10:06,727.4,134.4,3.09E-04,17.46,17.47,17.46
1488,18:10:07,727.4,101.4,3.16E-04,17.45,17.47,17.45
1491,18:10:09,727.4,116.6,3.09E-04,17.43,17.47,17.45
1493,18:10:10,120.6,120.6,3.09E-04,17.47,17.47,17.47
1495,18:10:12,727.4,131.4,3.24E-04,17.44,17.47,17.45
1496,18:10:13,727.4,97,3.24E-04,17.44,17.44,17.44
1499,18:10:15,115,115,3.31E-04,17.42,17.42,17.42
1500,18:10:15,727.4,99.8,3.24E-04,17.42,17.44,17.43
1501,18:10:16,727.4,116.4,3.24E-04,17.43,17.44,17.43
1504,18:10:18,727.4,114.4,3.31E-04,17.41,17.43,17.42
1506,18:10:19,78.2,78.2,3.31E-04,17.42,17.42,17.42
1508,18:10:21,727.4,122.4,3.24E-04,17.42,17.45,17.44
1509,18:10:22,727.4,88.2,3.24E-04,17.44,17.44,17.44
1512,18:10:24,727.4,113.6,3.16E-04,17.44,17.45,17.44
1513,18:10:24,727.4,142,3.16E-04,17.45,17.45,17.45
1514,18:10:26,727.4,131.6,3.16E-04,17.44,17.45,17.44
1521,18:10:30,727.4,117.4,3.16E-04,17.44,17.45,17.44
1522,18:10:31,727.4,126.8,3.16E-04,17.45,17.45,17.45
1523,18:10:32,727.4,133,3.24E-04,17.44,17.45,17.44
1526,18:10:33,727.4,123,3.16E-04,17.44,17.46,17.45
1527,18:10:34,727.4,127.4,3.24E-04,17.43,17.46,17.43
1530,18:10:36,727.4,96.5,3.16E-04,17.43,17.45,17.44
1532,18:10:38,80.4,80.4,3.16E-04,17.45,17.45,17.45
1534,18:10:39,727.4,111,3.16E-04,17.44,17.46,17.45
1535,18:10:40,727.4,128,3.16E-04,17.44,17.44,17.44
1538,18:10:42,727.4,121.8,3.24E-04,17.43,17.44,17.43
1539,18:10:42,727.4,137.4,3.31E-04,17.42,17.44,17.42
1540,18:10:44,727.4,138.2,3.31E-04,17.41,17.42,17.41
1544,18:10:47,727.4,131.8,3.31E-04,17.42,17.42,17.42
1551,18:10:51,727.4,114,3.47E-04,17.39,17.42,17.4
1552,18:10:52,727.4,97.6,3.39E-04,17.39,17.4,17.39
1553,18:10:52,727.4,140.4,3.31E-04,17.4,17.42,17.41
1556,18:10:54,727.4,123.8,3.39E-04,17.4,17.4,17.4
1558,18:10:56,727.4,134,3.39E-04,17.4,17.4,17.4
1560,18:10:57,727.4,121.2,3.24E-04,17.4,17.43,17.42
1564,18:10:59,727.4,118.6,3.16E-04,17.42,17.45,17.43
1565,18:11:00,727.4,133.6,3.16E-04,17.45,17.46,17.45
1568,18:11:02,727.4,135.8,3.24E-04,17.43,17.46,17.43
1570,18:11:04,727.4,131.2,3.24E-04,17.43,17.43,17.43
1571,18:11:04,727.4,138.2,3.16E-04,17.43,17.45,17.44
1573,18:11:06,727.4,114,3.31E-04,17.43,17.47,17.46
1574,18:11:07,727.4,141.8,3.31E-04,17.43,17.43,17.43
1577,18:11:09,727.4,121.6,3.24E-04,17.42,17.43,17.42
1578,18:11:09,727.4,138.8,3.31E-04,17.42,17.43,17.42
1580,18:11:11,727.4,117.8,3.24E-04,17.42,17.44,17.43
1581,18:11:12,727.4,150.2,3.24E-04,17.44,17.44,17.44
1584,18:11:13,111.2,111.2,3.24E-04,17.43,17.43,17.43
1585,18:11:14,727.4,117.4,3.16E-04,17.43,17.45,17.44
1588,18:11:16,727.4,116.8,3.31E-04,17.41,17.45,17.42
1590,18:11:18,727.4,95.4,3.31E-04,17.41,17.42,17.41
1592,18:11:19,727.4,131,3.09E-04,17.42,17.46,17.44
1596,18:11:21,727.4,115.4,3.39E-04,17.41,17.46,17.43
1597,18:11:22,727.4,137.4,3.24E-04,17.41,17.44,17.43
1599,18:11:24,727.4,121.8,3.31E-04,17.43,17.45,17.44
1600,18:11:24,727.4,157,3.31E-04,17.43,17.43,17.43
1608,18:11:29,727.4,113.4,3.16E-04,17.43,17.46,17.44
1610,18:11:31,727.4,136,3.31E-04,17.42,17.45,17.43
1611,18:11:31,727.4,119.6,3.39E-04,17.41,17.42,17.41
1614,18:11:33,727.4,126.8,3.24E-04,17.41,17.43,17.42
1618,18:11:36,727.4,145.4,3.31E-04,17.39,17.43,17.41
1619,18:11:36,727.4,107.2,3.31E-04,17.43,17.43,17.43
1622,18:11:38,727.4,105.2,3.24E-04,17.41,17.44,17.43
1626,18:11:41,89.6,89.6,3.24E-04,17.41,17.41,17.41
1627,18:11:42,727.4,123.4,3.24E-04,17.43,17.43,17.43
1629,18:11:43,727.4,124.2,3.39E-04,17.4,17.43,17.4
1631,18:11:44,727.4,105.4,3.47E-04,17.39,17.4,17.39
1634,18:11:46,67,67,3.47E-04,17.38,17.39,17.38
1635,18:11:47,727.4,141.2,3.47E-04,17.38,17.39,17.38
1640,18:11:50,727.4,137.3,3.47E-04,17.36,17.39,17.37
1642,18:11:52,727.4,109.4,3.31E-04,17.38,17.41,17.4
1645,18:11:54,727.4,130.6,3.47E-04,17.39,17.41,17.39
1646,18:11:54,727.4,144.8,3.39E-04,17.39,17.41,17.4
1649,18:11:56,727.4,113.1,3.39E-04,17.41,17.43,17.41
1651,18:11:58,727.4,111.2,3.39E-04,17.41,17.41,17.41
1653,18:11:59,727.4,145.6,3.39E-04,17.38,17.41,17.38
1657,18:12:02,727.4,119,3.31E-04,17.4,17.41,17.4
1658,18:12:02,727.4,115.6,3.39E-04,17.41,17.41,17.41
1661,18:12:04,727.4,107.9,3.39E-04,17.39,17.41,17.39
1665,18:12:07,727.4,110.6,3.24E-04,17.39,17.43,17.41
1666,18:12:08,727.4,114,3.31E-04,17.41,17.43,17.41
1668,18:12:09,727.4,127.8,3.31E-04,17.41,17.42,17.41
1669,18:12:10,727.4,141.2,3.31E-04,17.42,17.42,17.42
1672,18:12:12,141.8,141.8,3.31E-04,17.42,17.42,17.42
1673,18:12:12,727.4,136.4,3.47E-04,17.39,17.42,17.39
1676,18:12:14,727.4,101.8,3.24E-04,17.39,17.43,17.42
1677,18:12:15,727.4,121.8,3.31E-04,17.42,17.43,17.42
1680,18:12:17,727.4,120.6,3.24E-04,17.42,17.43,17.42
1684,18:12:20,727.4,111.8,3.31E-04,17.41,17.43,17.41
1685,18:12:20,727.4,104,3.31E-04,17.41,17.41,17.41
1687,18:12:22,727.4,120.2,3.47E-04,17.39,17.41,17.39
1688,18:12:23,727.4,165.2,3.47E-04,17.39,17.39,17.39
1691,18:12:25,727.4,127.8,3.31E-04,17.39,17.41,17.4
1692,18:12:26,727.4,134,3.31E-04,17.41,17.42,17.41
1699,18:12:30,727.4,129.6,3.16E-04,17.38,17.44,17.41
1701,18:12:31,727.4,120.6,3.39E-04,17.4,17.44,17.4
1705,18:12:34,727.4,122.2,3.47E-04,17.38,17.4,17.38
1706,18:12:34,727.4,116.4,3.39E-04,17.39,17.4,17.39
1709,18:12:36,727.4,137.1,3.39E-04,17.38,17.41,17.4
1711,18:12:38,727.4,123.4,3.24E-04,17.41,17.43,17.42
1713,18:12:39,727.4,97.4,3.24E-04,17.42,17.43,17.42
1717,18:12:42,727.4,111.4,3.47E-04,17.39,17.43,17.41
1718,18:12:42,727.4,121.8,3.31E-04,17.39,17.43,17.41
1720,18:12:44,727.4,110.1,3.31E-04,17.42,17.44,17.42
1729,18:12:49,727.4,124.9,3.24E-04,17.4,17.44,17.43
1730,18:12:50,727.4,118.6,3.24E-04,17.43,17.44,17.43
1732,18:12:52,727.4,136.8,3.24E-04,17.43,17.44,17.43
1734,18:12:53,727.4,130,3.24E-04,17.44,17.46,17.45
1738,18:12:55,727.4,125.2,3.24E-04,17.44,17.44,17.44
1739,18:12:56,727.4,112,3.16E-04,17.44,17.46,17.45
1742,18:12:58,727.4,111,3.16E-04,17.44,17.46,17.44
1746,18:13:01,727.4,116,3.31E-04,17.4,17.44,17.41
1747,18:13:01,727.4,122.4,3.16E-04,17.42,17.46,17.45
1750,18:13:03,727.4,127.2,3.24E-04,17.44,17.46,17.44
1751,18:13:04,727.4,148.6,3.16E-04,17.44,17.46,17.45
1754,18:13:06,727.4,101.6,3.16E-04,17.46,17.46,17.46
1758,18:13:09,727.4,135.8,3.24E-04,17.44,17.46,17.45
1759,18:13:09,727.4,111.4,3.09E-04,17.44,17.46,17.45
1761,18:13:11,727.4,112.4,3.16E-04,17.45,17.48,17.47
1762,18:13:12,727.4,127.4,3.16E-04,17.45,17.45,17.45
1763,18:13:12,727.4,102.8,3.16E-04,17.45,17.45,17.45
1764,18:13:13,727.4,117.4,3.24E-04,17.44,17.45,17.44
1766,18:13:15,727.4,105.2,3.16E-04,17.44,17.47,17.46
1767,18:13:15,727.4,119.4,3.16E-04,17.44,17.44,17.44
1770,18:13:17,727.4,116,3.16E-04,17.44,17.46,17.45
1771,18:13:18,727.4,122.4,3.24E-04,17.44,17.46,17.44
1774,18:13:20,727.4,124.2,3.09E-04,17.44,17.48,17.47
1778,18:13:23,727.4,115.2,3.16E-04,17.45,17.47,17.45
1779,18:13:23,727.4,131.4,3.09E-04,17.45,17.47,17.46
1780,18:13:25,727.4,112.8,3.16E-04,17.45,17.47,17.46
1781,18:13:26,727.4,108,3.16E-04,17.45,17.45,17.45
1788,18:13:30,727.4,124.8,3.31E-04,17.42,17.46,17.44
1791,18:13:32,727.4,122,3.16E-04,17.42,17.45,17.43
1792,18:13:32,727.4,125.4,3.16E-04,17.45,17.46,17.45
1795,18:13:34,727.4,112.3,3.09E-04,17.45,17.47,17.46
1799,18:13:37,727.4,118,3.24E-04,17.44,17.47,17.45
1800,18:13:38,727.4,128.4,3.16E-04,17.44,17.46,17.45
1803,18:13:40,727.4,103.4,3.16E-04,17.45,17.46,17.45
1804,18:13:40,727.4,88.8,3.02E-04,17.45,17.48,17.47
1805,18:13:41,727.4,111.2,3.02E-04,17.48,17.48,17.48
1808,18:13:43,727.4,108.4,3.09E-04,17.46,17.49,17.47
1810,18:13:44,727.4,117.6,3.09E-04,17.46,17.46,17.46
1812,18:13:46,727.4,123.2,3.09E-04,17.45,17.47,17.45
1819,18:13:50,727.4,135,3.09E-04,17.47,17.48,17.47
1821,18:13:51,727.4,130.6,3.02E-04,17.48,17.48,17.48
1824,18:13:53,727.4,108.6,3.09E-04,17.46,17.48,17.46
1826,18:13:55,727.4,122.6,3.09E-04,17.47,17.47,17.47
1828,18:13:56,166.8,166.8,3.02E-04,17.48,17.48,17.48
1832,18:13:58,727.4,144.6,3.16E-04,17.45,17.48,17.45
1833,18:13:59,727.4,114.2,3.16E-04,17.45,17.46,17.45
1836,18:14:01,727.4,179.7,3.09E-04,17.46,17.48,17.46
1838,18:14:03,727.4,114.4,3.09E-04,17.46,17.47,17.46
1840,18:14:04,727.4,125.6,3.09E-04,17.47,17.48,17.47
1841,18:14:05,727.4,109.2,3.09E-04,17.48,17.48,17.48
1844,18:14:07,727.4,112.4,3.02E-04,17.48,17.48,17.48
1845,18:14:07,727.4,117.8,3.09E-04,17.47,17.48,17.47
1847,18:14:09,727.4,137.4,3.09E-04,17.44,17.47,17.45
1852,18:14:12,727.4,121.2,3.09E-04,17.46,17.47,17.46
1853,18:14:13,727.4,104.2,3.09E-04,17.46,17.46,17.46
1855,18:14:14,727.4,112.2,3.09E-04,17.45,17.47,17.45
1857,18:14:15,727.4,119,3.02E-04,17.47,17.49,17.48
1859,18:14:17,727.4,116.8,3.24E-04,17.43,17.49,17.47
1860,18:14:18,727.4,113.2,3.24E-04,17.43,17.43,17.43
1863,18:14:19,727.4,125.6,3.02E-04,17.43,17.48,17.46
1864,18:14:20,727.4,121.8,3.16E-04,17.46,17.48,17.46
1867,18:14:22,727.4,111.3,3.24E-04,17.44,17.46,17.44
1870,18:14:24,727.4,119.6,3.16E-04,17.44,17.45,17.44
1872,18:14:26,727.4,113.4,3.24E-04,17.44,17.45,17.44
1879,18:14:30,727.4,127.2,3.09E-04,17.43,17.47,17.45
1880,18:14:31,727.4,121.2,3.16E-04,17.45,17.47,17.45
1883,18:14:32,727.4,100.7,3.02E-04,17.45,17.48,17.47
1884,18:14:33,727.4,111,3.09E-04,17.47,17.48,17.47
1887,18:14:35,727.4,108.8,3.16E-04,17.46,17.46,17.46
1891,18:14:38,727.4,112.6,3.02E-04,17.46,17.49,17.47
1892,18:14:38,727.4,116.4,3.09E-04,17.46,17.49,17.46
1894,18:14:40,727.4,120,3.16E-04,17.45,17.46,17.45
1895,18:14:41,727.4,184.6,3.16E-04,17.46,17.46,17.46
1898,18:14:43,85.2,85.2,3.24E-04,17.44,17.46,17.45
1899,18:14:43,727.4,109,3.24E-04,17.44,17.44,17.44
1902,18:14:45,727.4,132,3.31E-04,17.4,17.44,17.41
1909,18:14:49,727.4,153.3,3.24E-04,17.42,17.45,17.43
1910,18:14:50,727.4,144.6,3.24E-04,17.43,17.44,17.43
1912,18:14:52,727.4,144,3.16E-04,17.44,17.45,17.44
1913,18:14:52,727.4,110,3.16E-04,17.45,17.46,17.45
1916,18:14:54,727.4,136,3.31E-04,17.42,17.46,17.43
1918,18:14:56,727.4,115.2,3.31E-04,17.42,17.43,17.42
1919,18:14:56,727.4,119.8,3.24E-04,17.43,17.44,17.43
1920,18:14:57,727.4,121.4,3.16E-04,17.44,17.45,17.44
1923,18:14:59,727.4,89.9,3.24E-04,17.44,17.45,17.44
1925,18:15:01,727.4,132.8,3.16E-04,17.44,17.45,17.44
1926,18:15:01,727.4,135.4,3.24E-04,17.44,17.45,17.44
1929,18:15:03,727.4,119.3,3.31E-04,17.41,17.44,17.41
1931,18:15:05,727.4,125.4,3.31E-04,17.41,17.42,17.41
1932,18:15:05,727.4,132.4,3.24E-04,17.42,17.44,17.43
1935,18:15:07,727.4,111.8,3.31E-04,17.42,17.46,17.43
1936,18:15:08,727.4,136.8,3.31E-04,17.41,17.42,17.41
1938,18:15:10,727.4,143.8,3.24E-04,17.41,17.43,17.42
1939,18:15:10,727.4,144.2,3.16E-04,17.43,17.45,17.44
1942,18:15:12,727.4,112,3.24E-04,17.44,17.45,17.44
1944,18:15:14,727.4,105.2,3.16E-04,17.44,17.45,17.44
1945,18:15:14,727.4,117.2,3.09E-04,17.45,17.47,17.46
1948,18:15:17,727.4,111.5,3.24E-04,17.43,17.47,17.44
1950,18:15:19,727.4,128,3.09E-04,17.45,17.46,17.45
1951,18:15:19,727.4,145,3.09E-04,17.46,17.47,17.46
1954,18:15:21,727.4,126.6,3.16E-04,17.44,17.47,17.45
1955,18:15:22,727.4,103.8,3.24E-04,17.44,17.44,17.44
1957,18:15:24,727.4,125.4,3.09E-04,17.44,17.47,17.46
1958,18:15:24,727.4,114,3.16E-04,17.45,17.47,17.45
1959,18:15:26,727.4,115.8,3.16E-04,17.44,17.46,17.44
1966,18:15:30,727.4,127.5,3.16E-04,17.45,17.47,17.46
1968,18:15:32,727.4,94.8,3.24E-04,17.43,17.46,17.43
1969,18:15:32,727.4,128.4,3.16E-04,17.43,17.46,17.45
1970,18:15:33,727.4,133.8,3.16E-04,17.46,17.46,17.46
1973,18:15:35,727.4,129.2,3.16E-04,17.45,17.46,17.45
1975,18:15:37,727.4,111.4,3.24E-04,17.44,17.45,17.44
1976,18:15:37,727.4,126.4,3.02E-04,17.44,17.48,17.46
1979,18:15:39,727.4,110.9,3.31E-04,17.42,17.48,17.42
1981,18:15:41,727.4,145,3.16E-04,17.42,17.45,17.44
1982,18:15:41,727.4,107.2,3.24E-04,17.44,17.45,17.44
1983,18:15:42,727.4,125,3.16E-04,17.44,17.46,17.45
1985,18:15:44,727.4,118.6,3.24E-04,17.43,17.46,17.43
1986,18:15:45,727.4,132.8,3.24E-04,17.43,17.44,17.43
1988,18:15:47,727.4,123.8,3.16E-04,17.43,17.46,17.45
1994,18:15:50,727.4,119.6,3.16E-04,17.44,17.47,17.45
1996,18:15:52,727.4,110.4,3.16E-04,17.45,17.45,17.45
1998,18:15:53,727.4,127.2,3.24E-04,17.43,17.47,17.45
1999,18:15:54,727.4,122.6,3.24E-04,17.43,17.43,17.43
2000,18:15:55,727.4,118.8,3.24E-04,17.43,17.44,17.43
2002,18:15:56,727.4,121.2,3.24E-04,17.44,17.47,17.46
2006,18:15:58,727.4,130,3.24E-04,17.43,17.44,17.43
2007,18:15:59,727.4,131.6,3.24E-04,17.43,17.43,17.43
2010,18:16:01,727.4,122,3.16E-04,17.43,17.45,17.44
2014,18:16:04,727.4,113.8,3.16E-04,17.44,17.45,17.44
2015,18:16:04,727.4,103.6,3.16E-04,17.45,17.46,17.45
2018,18:16:06,727.4,112.7,3.16E-04,17.45,17.46,17.45
2022,18:16:09,727.4,122,3.24E-04,17.44,17.45,17.44
2023,18:16:10,727.4,106.6,3.16E-04,17.44,17.45,17.44
2026,18:16:11,727.4,162,3.24E-04,17.43,17.45,17.43
2027,18:16:12,727.4,103.8,3.31E-04,17.42,17.43,17.42
2029,18:16:14,727.4,111,3.24E-04,17.42,17.44,17.42
2030,18:16:15,727.4,170.6,3.24E-04,17.44,17.44,17.44
2033,18:16:16,727.4,125,3.24E-04,17.44,17.44,17.44
2034,18:16:17,727.4,98,3.24E-04,17.44,17.44,17.44
2037,18:16:19,727.4,140.4,3.31E-04,17.41,17.44,17.41
2041,18:16:22,727.4,125,3.39E-04,17.39,17.42,17.4
2042,18:16:22,727.4,117.2,3.47E-04,17.39,17.39,17.39
2045,18:16:24,727.4,108.2,3.31E-04,17.39,17.42,17.41
2053,18:16:29,727.4,139.2,3.24E-04,17.41,17.43,17.42
2056,18:16:31,727.4,107.2,3.31E-04,17.41,17.43,17.41
2057,18:16:32,727.4,157.4,3.39E-04,17.4,17.41,17.4
2059,18:16:33,727.4,115.2,3.24E-04,17.4,17.43,17.42
2061,18:16:34,727.4,138.6,3.39E-04,17.41,17.43,17.41
2063,18:16:36,727.4,110,3.24E-04,17.41,17.44,17.42
2064,18:16:37,727.4,121.4,3.24E-04,17.44,17.44,17.44
2067,18:16:39,727.4,127,3.16E-04,17.43,17.45,17.43
2068,18:16:39,727.4,130,3.16E-04,17.44,17.45,17.44
2071,18:16:41,727.4,116.5,3.31E-04,17.42,17.44,17.42
2074,18:16:43,727.4,136.6,3.16E-04,17.42,17.45,17.44
2076,18:16:45,727.4,92.6,3.31E-04,17.42,17.45,17.42
2081,18:16:48,727.4,114.8,3.24E-04,17.42,17.46,17.43
2083,18:16:49,727.4,122.2,3.31E-04,17.42,17.43,17.42
2085,18:16:50,727.4,104.6,3.24E-04,17.42,17.43,17.42
2088,18:16:52,727.4,121.6,3.24E-04,17.42,17.43,17.42
2089,18:16:53,727.4,112,3.39E-04,17.41,17.43,17.41
2092,18:16:55,171.6,171.6,3.24E-04,17.43,17.43,17.43
2096,18:16:58,727.4,116.6,3.24E-04,17.43,17.43,17.43
2097,18:16:58,727.4,108,3.31E-04,17.41,17.43,17.41
2098,18:16:59,727.4,121.4,3.31E-04,17.41,17.42,17.41
2102,18:17:02,174.6,174.6,3.31E-04,17.42,17.43,17.42
2103,18:17:03,727.4,130.4,3.24E-04,17.43,17.43,17.43
2105,18:17:04,727.4,107.2,3.31E-04,17.42,17.43,17.42
2110,18:17:07,139.6,139.6,3.24E-04,17.4,17.42,17.4
2111,18:17:08,727.4,107.8,3.24E-04,17.43,17.43,17.43
2113,18:17:09,727.4,147.2,3.31E-04,17.41,17.43,17.41
2115,18:17:11,727.4,131,3.24E-04,17.41,17.44,17.43
2117,18:17:12,727.4,117.8,3.39E-04,17.4,17.44,17.42
2118,18:17:13,727.4,113.2,3.39E-04,17.4,17.4,17.4
2121,18:17:15,91.4,91.4,3.31E-04,17.4,17.44,17.43
2122,18:17:15,727.4,95.6,3.24E-04,17.43,17.44,17.43
2125,18:17:17,727.4,155.7,3.24E-04,17.42,17.44,17.43
2129,18:17:20,84.4,84.4,3.24E-04,17.44,17.44,17.44
2130,18:17:21,727.4,132.2,3.24E-04,17.43,17.43,17.43
2133,18:17:23,727.4,122.8,3.16E-04,17.42,17.45,17.44
2134,18:17:23,727.4,122,3.09E-04,17.45,17.46,17.45
2136,18:17:25,727.4,121.6,3.16E-04,17.44,17.46,17.44
2144,18:17:30,727.4,120.8,3.39E-04,17.4,17.46,17.43
2146,18:17:31,105,105,3.31E-04,17.42,17.42,17.42
2148,18:17:33,727.4,130.2,3.24E-04,17.42,17.43,17.42
2150,18:17:34,727.4,98,3.24E-04,17.42,17.43,17.42
2154,18:17:36,727.4,122.6,3.31E-04,17.42,17.45,17.43
2155,18:17:37,727.4,117.4,3.31E-04,17.42,17.43,17.42
2158,18:17:39,727.4,121.7,3.24E-04,17.43,17.44,17.43
2160,18:17:41,727.4,143,3.24E-04,17.43,17.44,17.43
2162,18:17:42,727.4,125.8,3.16E-04,17.43,17.46,17.44
2166,18:17:44,727.4,118,3.24E-04,17.41,17.46,17.42
2167,18:17:45,727.4,112,3.16E-04,17.44,17.45,17.44
2172,18:17:48,727.4,82.3,3.24E-04,17.43,17.45,17.43
2174,18:17:50,727.4,122.6,3.31E-04,17.42,17.43,17.42
2175,18:17:50,727.4,140.6,3.31E-04,17.42,17.42,17.42
2178,18:17:52,727.4,110.3,3.39E-04,17.41,17.42,17.41
2179,18:17:53,727.4,130.8,3.39E-04,17.4,17.41,17.4
2181,18:17:55,727.4,91.4,3.39E-04,17.4,17.41,17.4
2183,18:17:56,727.4,118.4,3.31E-04,17.41,17.43,17.42
2187,18:17:58,727.4,108.2,3.24E-04,17.42,17.44,17.43
2188,18:17:59,727.4,133.4,3.24E-04,17.43,17.43,17.43
2190,18:18:01,727.4,122.6,3.24E-04,17.43,17.43,17.43
2193,18:18:03,36.6,36.6,3.31E-04,17.42,17.43,17.42
2194,18:18:03,727.4,122.2,3.16E-04,17.42,17.45,17.44
2197,18:18:05,727.4,97.1,3.24E-04,17.43,17.45,17.43
2198,19:43:10,715.6,114.5,4.37E-04,17.17,17.27,17.21
2199,19:43:11,715.6,103.8,4.17E-04,17.25,17.25,17.25
2202,19:43:13,715.6,121.3,4.17E-04,17.24,17.26,17.24
2203,19:43:14,715.6,102.6,4.27E-04,17.23,17.24,17.23
2206,19:43:16,715.6,124.4,4.27E-04,17.23,17.23,17.23
2210,19:43:18,715.6,109,4.07E-04,17.23,17.27,17.24
2211,19:43:19,715.6,91.4,4.07E-04,17.25,17.27,17.26
2212,19:43:20,715.6,109.6,4.17E-04,17.24,17.25,17.24
2213,19:43:21,715.6,65.2,4.17E-04,17.25,17.25,17.25
2219,19:43:25,715.6,112.6,4.37E-04,17.22,17.26,17.24
2221,19:43:26,715.6,127.8,4.17E-04,17.23,17.24,17.23
2222,19:43:27,715.6,112.8,4.17E-04,17.24,17.24,17.24
2224,19:43:28,715.6,122.4,4.27E-04,17.24,17.24,17.24
2225,19:43:29,715.6,100.6,4.27E-04,17.23,17.24,17.23
2228,19:43:31,715.6,108.4,4.17E-04,17.23,17.26,17.23
2229,19:43:32,715.6,107.4,4.17E-04,17.25,17.26,17.25
2232,19:43:34,715.6,129.1,4.27E-04,17.22,17.25,17.23
2236,19:43:36,715.6,115.6,4.27E-04,17.21,17.22,17.21
2237,19:43:37,715.6,107.6,4.37E-04,17.21,17.22,17.21
2239,19:43:39,715.6,136.6,4.27E-04,17.21,17.22,17.21
2240,19:43:40,715.6,92.6,4.37E-04,17.21,17.22,17.21
2243,19:43:42,715.6,116.2,4.37E-04,17.21,17.22,17.21
2249,19:43:45,715.6,112,4.27E-04,17.21,17.23,17.21
2250,19:43:46,715.6,143.8,4.27E-04,17.23,17.24,17.23
2253,19:43:48,99,99,4.37E-04,17.22,17.22,17.22
2254,19:43:49,715.6,117.6,4.27E-04,17.22,17.24,17.22
2257,19:43:51,715.6,121.2,4.37E-04,17.2,17.24,17.21
2261,19:43:53,715.6,116,4.47E-04,17.2,17.22,17.21
2262,19:43:54,715.6,117.8,4.37E-04,17.2,17.22,17.2
2264,19:43:55,715.6,129,4.27E-04,17.2,17.22,17.2
2265,19:43:56,715.6,90.6,4.27E-04,17.23,17.23,17.23
2268,19:43:58,715.6,101,4.37E-04,17.21,17.23,17.21
2269,19:43:59,715.6,122.6,4.37E-04,17.21,17.22,17.21
2272,19:44:01,715.6,106.4,4.37E-04,17.21,17.22,17.21
2274,19:44:02,715.6,103.8,4.47E-04,17.19,17.21,17.2
2276,19:44:03,715.6,130.2,4.47E-04,17.19,17.19,17.19
2277,19:44:04,715.6,99.4,4.47E-04,17.19,17.21,17.2
2280,19:44:06,715.6,123.4,4.37E-04,17.21,17.23,17.22
2281,19:44:07,715.6,104.4,4.37E-04,17.2,17.21,17.2
2283,19:44:08,715.6,108.6,4.27E-04,17.2,17.22,17.21
2287,19:44:11,100.8,100.8,4.37E-04,17.22,17.22,17.22
2288,19:44:12,715.6,134,4.27E-04,17.22,17.23,17.22
2291,19:44:13,715.6,105.4,4.37E-04,17.22,17.23,17.22
2292,19:44:14,715.6,145.4,4.37E-04,17.22,17.22,17.22
2295,19:44:16,193.6,193.6,4.27E-04,17.22,17.23,17.22
2296,19:44:17,715.6,136.6,4.27E-04,17.23,17.24,17.23
2298,19:44:18,715.6,126.2,4.27E-04,17.23,17.24,17.23
2300,19:44:20,715.6,126.8,4.27E-04,17.22,17.23,17.22
2302,19:44:22,715.6,112.8,4.27E-04,17.22,17.24,17.23
2308,19:44:26,715.6,155.5,4.27E-04,17.21,17.24,17.21
2310,19:44:27,715.6,118.4,4.47E-04,17.21,17.21,17.21
2311,19:44:28,715.6,124.4,4.37E-04,17.21,17.21,17.21
2313,19:44:29,715.6,126.2,4.47E-04,17.21,17.21,17.21
2314,19:44:30,715.6,123.4,4.47E-04,17.19,17.21,17.2
2317,19:44:32,715.6,126.4,4.27E-04,17.19,17.23,17.21
2318,19:44:33,715.6,116.6,4.37E-04,17.21,17.23,17.22
2321,19:44:35,715.6,116.7,4.27E-04,17.21,17.22,17.21
2323,19:44:36,715.6,111,4.37E-04,17.21,17.22,17.21
2324,19:44:37,715.6,108.2,4.27E-04,17.21,17.23,17.21
2325,19:44:38,715.6,121.4,4.27E-04,17.23,17.23,17.23
2326,19:44:39,715.6,113,4.27E-04,17.22,17.23,17.22
2334,19:44:44,715.6,113.6,4.37E-04,17.21,17.24,17.22
2336,19:44:45,715.6,125.2,4.17E-04,17.21,17.23,17.22
2337,19:44:46,715.6,117.2,4.27E-04,17.23,17.23,17.23
2340,19:44:48,715.6,117.8,4.37E-04,17.2,17.23,17.21
2344,19:44:50,715.6,111.6,4.17E-04,17.2,17.24,17.22
2345,19:44:51,715.6,134.4,4.27E-04,17.22,17.24,17.23
2347,19:44:52,715.6,119.6,4.37E-04,17.22,17.23,17.22
2351,19:44:55,715.6,103.2,4.07E-04,17.22,17.26,17.23
2352,19:44:56,715.6,141,4.17E-04,17.23,17.26,17.24
2355,19:44:58,715.6,103.6,4.17E-04,17.23,17.24,17.23
2357,19:44:59,715.6,115.6,4.27E-04,17.24,17.24,17.24
2359,19:45:00,715.6,132,4.27E-04,17.23,17.24,17.23
2363,19:45:03,97.2,97.2,4.27E-04,17.25,17.25,17.25
2364,19:45:04,715.6,119.4,4.07E-04,17.25,17.25,17.25
2367,19:45:06,715.6,129.3,4.27E-04,17.2,17.25,17.22
2371,19:45:08,715.6,113.8,4.37E-04,17.2,17.23,17.2
2372,19:45:09,715.6,111,4.27E-04,17.23,17.23,17.23
2375,19:45:11,715.6,108.6,4.47E-04,17.19,17.23,17.2
2376,19:45:12,715.6,116,4.47E-04,17.19,17.21,17.19
2379,19:45:13,715.6,123.2,4.37E-04,17.21,17.23,17.22
2383,19:45:16,113.2,113.2,4.47E-04,17.19,17.21,17.19
2384,19:45:17,715.6,154,4.37E-04,17.19,17.22,17.19
2385,19:45:19,715.6,133.8,4.37E-04,17.2,17.21,17.2
2387,19:45:21,715.6,123.8,4.37E-04,17.19,17.2,17.19
2395,19:45:25,715.6,103,4.47E-04,17.18,17.2,17.18
2397,19:45:27,715.6,144.2,4.37E-04,17.2,17.22,17.2
2398,19:45:28,715.6,127,4.37E-04,17.22,17.22,17.22
2401,19:45:30,715.6,128.6,4.37E-04,17.21,17.22,17.21
2403,19:45:31,715.6,144,4.27E-04,17.21,17.23,17.21
2405,19:45:32,715.6,104.4,4.37E-04,17.21,17.23,17.21
2409,19:45:35,715.6,109.4,4.27E-04,17.22,17.23,17.22
2410,19:45:36,715.6,129.6,4.27E-04,17.23,17.24,17.23
2412,19:45:38,715.6,128.2,4.37E-04,17.21,17.24,17.22
2414,19:45:40,715.6,111.2,4.37E-04,17.21,17.23,17.21
2415,19:45:41,715.6,115.6,4.27E-04,17.23,17.24,17.23
2425,19:45:46,715.6,116.4,4.37E-04,17.2,17.24,17.21
2429,19:45:49,715.6,123.8,4.37E-04,17.19,17.21,17.19
2430,19:45:50,715.6,114,4.37E-04,17.2,17.21,17.2
2433,19:45:52,715.6,109.7,4.57E-04,17.18,17.2,17.18
2435,19:45:53,715.6,138.2,4.47E-04,17.18,17.19,17.18
2437,19:45:54,715.6,135.8,4.37E-04,17.19,17.21,17.2
2441,19:45:57,715.6,96,4.57E-04,17.17,17.21,17.19
2442,19:45:58,715.6,131,4.57E-04,17.17,17.18,17.17
2445,19:46:00,715.6,111.6,4.47E-04,17.18,17.2,17.19
2449,19:46:02,118.8,118.8,4.47E-04,17.19,17.21,17.19
2450,19:46:03,715.6,126,4.37E-04,17.21,17.21,17.21
2452,19:46:04,715.6,95.6,4.47E-04,17.2,17.21,17.2
2454,19:46:06,715.6,123.4,4.37E-04,17.21,17.21,17.21
2456,19:46:07,715.6,91.6,4.57E-04,17.19,17.21,17.19
2457,19:46:08,715.6,104,4.57E-04,17.18,17.19,17.18
2460,19:46:10,127.4,127.4,4.57E-04,17.17,17.17,17.17
2461,19:46:11,715.6,91.6,4.57E-04,17.17,17.18,17.17
2464,19:46:13,715.6,96.2,4.47E-04,17.18,17.19,17.18
2468,19:46:15,715.6,99,4.68E-04,17.17,17.19,17.17
2469,19:46:16,715.6,126,4.57E-04,17.17,17.19,17.17
2471,19:46:17,177,177,4.68E-04,17.19,17.2,17.19
2472,19:46:18,715.6,109.2,4.68E-04,17.17,17.17,17.17
2473,19:46:19,715.6,103.8,4.68E-04,17.16,17.17,17.16
2474,19:46:21,715.6,135,4.68E-04,17.16,17.16,17.16
2476,19:46:22,715.6,116.4,4.68E-04,17.15,17.16,17.15
2480,19:46:24,715.6,104.2,4.79E-04,17.14,17.17,17.15
2482,19:46:26,715.6,133.2,4.47E-04,17.17,17.18,17.17
2483,19:46:27,715.6,121.4,4.47E-04,17.18,17.19,17.18
2485,19:46:28,715.6,108.2,4.47E-04,17.18,17.19,17.18
2487,19:46:29,715.6,112.6,4.37E-04,17.18,17.2,17.19
2491,19:46:32,715.6,137.4,4.37E-04,17.19,17.22,17.2
2492,19:46:33,715.6,118,4.47E-04,17.19,17.21,17.19
2495,19:46:35,715.6,107.9,4.47E-04,17.2,17.21,17.2
2497,19:46:37,715.6,118,4.37E-04,17.2,17.22,17.2
2498,19:46:38,715.6,144,4.47E-04,17.19,17.2,17.19
2499,19:46:39,715.6,115.6,4.47E-04,17.19,17.2,17.19
2501,19:46:41,715.6,90.4,4.47E-04,17.2,17.2,17.2
2510,19:46:46,715.6,116.8,4.37E-04,17.18,17.21,17.19
2511,19:46:47,715.6,113.4,4.47E-04,17.19,17.21,17.2
2513,19:46:48,715.6,114.4,4.47E-04,17.18,17.2,17.18
2515,19:46:50,715.6,126.2,4.37E-04,17.2,17.21,17.2
2517,19:46:51,715.6,115.4,4.57E-04,17.18,17.21,17.19
2518,19:46:52,715.6,98.6,4.57E-04,17.18,17.18,17.18
2521,19:46:54,715.6,119,4.47E-04,17.18,17.19,17.18
2522,19:46:55,715.6,128.8,4.47E-04,17.18,17.19,17.18
2525,19:46:57,715.6,108.7,4.47E-04,17.18,17.2,17.19
2526,19:46:58,715.6,94.8,4.47E-04,17.2,17.21,17.2
2529,19:46:59,715.6,116,4.27E-04,17.21,17.21,17.21
2530,19:47:00,715.6,122.8,4.27E-04,17.21,17.22,17.21
2534,19:47:03,715.6,118,4.47E-04,17.19,17.21,17.19
2536,19:47:04,715.6,119.2,4.47E-04,17.2,17.21,17.2
2538,19:47:05,715.6,113.2,4.37E-04,17.2,17.21,17.2
2540,19:47:07,715.6,125.8,4.57E-04,17.19,17.2,17.19
2542,19:47:08,715.6,106,4.37E-04,17.19,17.21,17.2
2543,19:47:09,715.6,94.6,4.37E-04,17.2,17.21,17.2
2546,19:47:11,715.6,126,4.47E-04,17.18,17.2,17.19
2547,19:47:12,715.6,129.8,4.37E-04,17.2,17.22,17.2
2550,19:47:14,715.6,81.5,4.37E-04,17.2,17.22,17.21
2554,19:47:16,715.6,98.2,4.37E-04,17.19,17.2,17.19
2555,19:47:17,715.6,141.8,4.57E-04,17.19,17.19,17.19
2556,19:47:19,715.6,79.4,4.47E-04,17.2,17.2,17.2
2557,19:47:21,715.6,128.4,4.57E-04,17.16,17.2,17.17
2558,19:47:22,715.6,127.4,4.47E-04,17.18,17.18,17.18
2564,19:47:25,715.6,126.6,4.57E-04,17.16,17.19,17.17
2565,19:47:26,715.6,92.2,4.57E-04,17.18,17.19,17.18
2569,19:47:29,715.6,123,4.57E-04,17.17,17.18,17.17
2571,19:47:30,715.6,106.4,4.57E-04,17.18,17.18,17.18
2573,19:47:31,715.6,108.6,4.47E-04,17.18,17.19,17.18
2577,19:47:34,715.6,116.4,4.57E-04,17.17,17.2,17.17
2578,19:47:35,715.6,128,4.57E-04,17.17,17.19,17.17
2581,19:47:37,715.6,104.5,4.57E-04,17.18,17.19,17.18
2582,19:47:38,715.6,107.8,4.57E-04,17.18,17.19,17.18
2583,19:47:40,715.6,171.8,4.57E-04,17.17,17.19,17.17
2593,19:47:46,715.6,114.9,4.47E-04,17.16,17.21,17.19
2595,19:47:47,715.6,99.8,4.37E-04,17.19,17.21,17.2
2597,19:47:48,715.6,107.6,4.68E-04,17.15,17.19,17.16
2598,19:47:49,715.6,118.2,4.68E-04,17.15,17.17,17.16
2601,19:47:51,715.6,98.2,4.47E-04,17.17,17.2,17.18
2602,19:47:52,715.6,104.4,4.47E-04,17.19,17.19,17.19
2605,19:47:54,715.6,114.2,4.57E-04,17.17,17.2,17.18
2609,19:47:56,90.6,90.6,4.37E-04,17.21,17.21,17.21
2613,19:47:59,715.6,118.2,4.47E-04,17.19,17.21,17.19
2614,19:48:00,715.6,102,4.37E-04,17.2,17.21,17.2
2617,19:48:01,715.6,129.4,4.47E-04,17.19,17.21,17.19
2621,19:48:04,715.6,114,4.37E-04,17.19,17.21,17.2
2622,19:48:05,715.6,134,4.47E-04,17.17,17.21,17.19
2625,19:48:07,715.6,100.3,4.68E-04,17.16,17.17,17.16
2629,19:48:09,73.8,73.8,4.47E-04,17.16,17.2,17.18
2630,19:48:10,715.6,90,4.57E-04,17.19,17.2,17.19
2632,19:48:11,715.6,99.2,4.47E-04,17.19,17.2,17.19
2633,19:48:12,715.6,109,4.47E-04,17.19,17.19,17.19
2636,19:48:15,715.6,120.4,4.47E-04,17.19,17.2,17.19
2639,19:48:17,715.6,110,4.27E-04,17.2,17.22,17.21
2640,19:48:18,715.6,128.6,4.37E-04,17.2,17.22,17.21
2642,19:48:19,715.6,104,4.57E-04,17.2,17.2,17.2
2643,19:48:20,715.6,149.8,4.57E-04,17.18,17.2,17.18
2644,19:48:21,715.6,99.2,4.57E-04,17.18,17.19,17.18
2652,19:48:25,715.6,126,4.57E-04,17.16,17.19,17.18
2653,19:48:26,715.6,169.6,4.57E-04,17.17,17.18,17.17
2654,19:48:27,715.6,122.8,4.57E-04,17.17,17.19,17.17
2656,19:48:28,715.6,121.8,4.57E-04,17.18,17.19,17.18
2660,19:48:31,715.6,126.2,4.47E-04,17.17,17.19,17.17
2661,19:48:32,715.6,89,4.57E-04,17.19,17.19,17.19
2664,19:48:34,715.6,130.4,4.57E-04,17.17,17.19,17.17
2666,19:48:35,715.6,102,4.57E-04,17.18,17.18,17.18
2668,19:48:36,715.6,107.8,4.47E-04,17.18,17.19,17.18
2669,19:48:37,715.6,119.4,4.47E-04,17.19,17.19,17.19
2672,19:48:39,715.6,105.6,4.47E-04,17.18,17.2,17.19
2673,19:48:40,715.6,122.4,4.47E-04,17.18,17.21,17.19
2682,19:48:45,715.6,107.8,4.37E-04,17.19,17.22,17.2
2683,19:48:46,715.6,124.8,4.37E-04,17.21,17.22,17.21
2686,19:48:48,715.6,134,4.47E-04,17.2,17.22,17.21
2688,19:48:49,715.6,103.4,4.37E-04,17.2,17.22,17.2
2690,19:48:50,715.6,118.2,4.37E-04,17.22,17.23,17.22
2694,19:48:53,715.6,126.2,4.47E-04,17.2,17.21,17.2
2695,19:48:54,715.6,101.8,4.47E-04,17.18,17.2,17.19
2696,19:48:55,715.6,111.8,4.57E-04,17.18,17.19,17.18
2699,19:48:57,92.8,92.8,4.57E-04,17.17,17.2,17.19
2701,19:48:58,715.6,131.2,4.57E-04,17.17,17.18,17.17
2703,19:48:59,715.6,106.2,4.37E-04,17.18,17.2,17.19
2704,19:49:00,715.6,143.8,4.37E-04,17.2,17.2,17.2
2707,19:49:02,715.6,138,4.57E-04,17.17,17.2,17.18
2708,19:49:03,715.6,134.2,4.57E-04,17.17,17.19,17.17
2711,19:49:05,715.6,97.4,4.57E-04,17.17,17.19,17.17
2713,19:49:06,715.6,125.8,4.57E-04,17.17,17.19,17.17
2715,19:49:07,715.6,99.2,4.47E-04,17.19,17.19,17.19
2719,19:49:10,715.6,98,4.37E-04,17.19,17.22,17.2
2720,19:49:11,715.6,113,4.47E-04,17.18,17.22,17.2
2722,19:49:12,715.6,125.8,4.47E-04,17.18,17.2,17.18
2724,19:49:13,715.6,108.4,4.47E-04,17.2,17.2,17.2
2726,19:49:15,715.6,107.6,4.47E-04,17.2,17.2,17.2
2728,19:49:16,715.6,117,4.27E-04,17.2,17.21,17.2
2729,19:49:17,715.6,128,4.27E-04,17.21,17.22,17.21
2732,19:49:19,715.6,117.8,4.37E-04,17.21,17.22,17.21
2733,19:49:20,715.6,101.2,4.27E-04,17.22,17.23,17.22
2734,19:49:21,715.6,126,4.27E-04,17.23,17.23,17.23
2741,19:49:26,210.2,137.2,4.17E-04,17.2,17.24,17.22
2743,19:49:27,715.6,95.2,4.37E-04,17.22,17.24,17.23
2744,19:49:28,715.6,124.4,4.27E-04,17.22,17.22,17.22
2747,19:49:30,715.6,89.9,4.37E-04,17.21,17.22,17.21
2751,19:49:32,715.6,115.4,4.37E-04,17.21,17.22,17.21
2752,19:49:33,715.6,122,4.37E-04,17.2,17.22,17.21
2755,19:49:35,715.6,84.2,4.47E-04,17.17,17.21,17.19
2756,19:49:36,715.6,102.6,4.27E-04,17.21,17.23,17.21
2757,19:49:38,715.6,128.9,4.47E-04,17.19,17.23,17.2
2759,19:49:40,715.6,97.2,4.47E-04,17.18,17.2,17.18
2761,19:49:41,715.6,105.4,4.47E-04,17.19,17.2,17.19
2770,19:49:46,715.6,113.8,4.57E-04,17.18,17.19,17.18
2771,19:49:47,715.6,114.8,4.57E-04,17.18,17.19,17.18
2774,19:49:49,715.6,110.8,4.47E-04,17.18,17.22,17.18
2775,19:49:50,715.6,104,4.37E-04,17.21,17.22,17.21
2778,19:49:52,715.6,135.1,4.57E-04,17.17,17.21,17.18
2782,19:49:54,715.6,110.6,4.37E-04,17.17,17.2,17.18
2783,19:49:55,715.6,79.8,4.47E-04,17.2,17.2,17.2
2785,19:49:56,715.6,110.6,4.37E-04,17.2,17.21,17.2
2786,19:49:57,715.6,149.4,4.37E-04,17.19,17.19,17.19
2787,19:49:58,715.6,116.6,4.47E-04,17.19,17.21,17.19
2789,19:49:59,715.6,114.2,4.37E-04,17.21,17.22,17.21
2790,19:50:00,715.6,121.6,4.37E-04,17.22,17.22,17.22
2793,19:50:02,715.6,125.8,4.47E-04,17.2,17.22,17.2
2794,19:50:03,715.6,125.4,4.37E-04,17.2,17.23,17.2
2796,19:50:04,715.6,130.2,4.47E-04,17.21,17.23,17.21
2797,19:50:05,715.6,123.6,4.47E-04,17.2,17.21,17.2
2800,19:50:07,715.6,110.6,4.47E-04,17.19,17.21,17.2
2801,19:50:08,715.6,127.8,4.47E-04,17.19,17.2,17.19
2804,19:50:10,715.6,107.1,4.47E-04,17.19,17.21,17.19
2806,19:50:11,715.6,112.6,4.57E-04,17.19,17.19,17.19
2807,19:50:12,715.6,122.4,4.47E-04,17.19,17.2,17.19
2809,19:50:13,715.6,120.8,4.47E-04,17.19,17.2,17.19
2810,19:50:14,715.6,132.2,4.47E-04,17.2,17.2,17.2
2813,19:50:16,715.6,114.2,4.57E-04,17.18,17.2,17.19
2814,19:50:17,715.6,109,4.47E-04,17.18,17.19,17.18
2815,19:50:19,715.6,131.4,4.57E-04,17.19,17.19,17.19
2816,19:50:20,715.6,88,4.57E-04,17.18,17.19,17.18
2817,19:50:21,715.6,99.6,4.47E-04,17.18,17.19,17.18
2824,19:50:25,715.6,120.8,4.47E-04,17.19,17.21,17.19
2826,19:50:26,715.6,129.4,4.37E-04,17.2,17.21,17.2
2829,19:50:28,715.6,132.7,4.27E-04,17.2,17.23,17.21
2830,19:50:29,715.6,115.4,4.27E-04,17.22,17.23,17.22
2832,19:50:30,715.6,111.4,4.37E-04,17.22,17.22,17.22
2833,19:50:31,715.6,119.6,4.37E-04,17.21,17.22,17.21
2836,19:50:33,715.6,130,4.47E-04,17.18,17.21,17.19
2837,19:50:34,715.6,108,4.57E-04,17.17,17.18,17.17
2840,19:50:36,715.6,119.6,4.57E-04,17.17,17.2,17.18
2842,19:50:37,715.6,116.4,4.57E-04,17.16,17.18,17.17
2843,19:50:38,715.6,110.6,4.68E-04,17.16,17.18,17.16
2846,19:50:40,715.6,119.1,4.68E-04,17.17,17.18,17.17
2850,19:50:42,715.6,115,4.47E-04,17.17,17.2,17.18
2853,19:50:44,715.6,124.6,4.47E-04,17.18,17.2,17.18
2856,19:50:46,715.6,100,4.47E-04,17.19,17.2,17.19
2857,19:50:47,715.6,122,4.57E-04,17.18,17.19,17.18
2860,19:50:49,715.6,171.4,4.57E-04,17.17,17.19,17.17
2862,19:50:50,715.6,103.8,4.57E-04,17.17,17.17,17.17
2864,19:50:51,715.6,99.2,4.57E-04,17.17,17.2,17.18
2868,19:50:54,715.6,115.2,4.47E-04,17.17,17.2,17.17
2869,19:50:55,715.6,100.2,4.37E-04,17.2,17.23,17.21
2872,19:50:56,715.6,109.8,4.47E-04,17.19,17.23,17.2
2876,19:50:59,715.6,132,4.27E-04,17.19,17.22,17.2
2877,19:51:00,715.6,122.4,4.57E-04,17.19,17.2,17.19
2880,19:51:02,715.6,112.3,4.57E-04,17.18,17.19,17.18
2882,19:51:03,715.6,110.6,4.57E-04,17.18,17.18,17.18
2884,19:51:04,715.6,127.8,4.47E-04,17.18,17.2,17.19
2888,19:51:07,715.6,124,4.57E-04,17.19,17.2,17.19
2889,19:51:08,715.6,121.6,4.47E-04,17.19,17.2,17.19
2892,19:51:10,715.6,108.2,4.47E-04,17.2,17.2,17.2
2896,19:51:12,715.6,113.4,4.37E-04,17.19,17.2,17.19
2897,19:51:13,715.6,101.8,4.37E-04,17.19,17.2,17.19
2899,19:51:14,715.6,104,4.37E-04,17.2,17.22,17.21
2901,19:51:16,715.6,95.8,4.37E-04,17.21,17.22,17.21
2903,19:51:17,715.6,119.4,4.27E-04,17.21,17.21,17.21
2904,19:51:18,715.6,94.4,4.27E-04,17.21,17.23,17.22
2905,19:51:19,715.6,118.2,4.37E-04,17.19,17.23,17.21
2912,19:51:23,715.6,110.2,4.47E-04,17.17,17.2,17.18
2913,19:51:24,715.6,147,4.68E-04,17.17,17.18,17.17
2914,19:51:25,715.6,128.8,4.68E-04,17.18,17.18,17.18
2917,19:51:27,715.6,100.6,4.47E-04,17.18,17.19,17.18
2921,19:51:29,126,126,4.47E-04,17.18,17.18,17.18
2922,19:51:30,715.6,136.6,4.68E-04,17.16,17.18,17.17
2925,19:51:32,715.6,90.2,4.57E-04,17.16,17.19,17.18
2929,19:51:34,715.6,111.2,4.47E-04,17.19,17.2,17.19
2930,19:51:35,715.6,119.4,4.47E-04,17.19,17.19,17.19
2932,19:51:36,715.6,115.4,4.57E-04,17.17,17.19,17.18
2933,19:51:37,715.6,122.6,4.57E-04,17.17,17.17,17.17
2934,19:51:39,715.6,108.7,4.57E-04,17.16,17.19,17.17
2935,19:51:40,715.6,116.2,4.57E-04,17.16,17.2,17.18
2945,19:51:46,715.6,109.4,4.37E-04,17.19,17.21,17.2
2947,19:51:47,715.6,127.4,4.47E-04,17.18,17.2,17.19
2949,19:51:48,715.6,112,4.47E-04,17.18,17.18,17.18
2950,19:51:49,715.6,155,4.47E-04,17.18,17.21,17.19
2953,19:51:51,715.6,119.2,4.47E-04,17.2,17.21,17.2
2954,19:51:52,715.6,120,4.47E-04,17.2,17.2,17.2
2957,19:51:54,715.6,133.4,4.27E-04,17.2,17.22,17.21
2961,19:51:56,63.2,63.2,4.47E-04,17.2,17.2,17.2
2962,19:51:57,715.6,100.4,4.47E-04,17.2,17.2,17.2
2964,19:51:58,715.6,135.4,4.27E-04,17.2,17.23,17.21
2966,19:52:00,715.6,110.2,4.37E-04,17.22,17.23,17.22
2968,19:52:01,715.6,99,4.47E-04,17.21,17.22,17.21
2969,19:52:02,715.6,81.8,4.47E-04,17.18,17.21,17.19
2972,19:52:04,715.6,120.2,4.27E-04,17.18,17.23,17.2
2973,19:52:05,715.6,135.2,4.37E-04,17.21,17.23,17.22
2976,19:52:07,715.6,134.1,4.37E-04,17.21,17.22,17.21
2980,19:52:09,715.6,134.6,4.27E-04,17.22,17.23,17.22
2981,19:52:10,715.6,113.2,4.37E-04,17.22,17.22,17.22
2984,19:52:12,715.6,106.9,4.37E-04,17.21,17.21,17.21
2985,19:52:13,715.6,132.8,4.27E-04,17.21,17.23,17.21
2988,19:52:15,715.6,121.4,4.47E-04,17.19,17.23,17.2
2992,19:52:17,715.6,114.4,4.47E-04,17.19,17.2,17.19
2993,19:52:18,715.6,130.6,4.37E-04,17.2,17.21,17.2
2994,19:52:19,715.6,114.2,4.37E-04,17.21,17.21,17.21
2995,19:52:20,715.6,112.8,4.37E-04,17.22,17.22,17.22
2996,19:52:21,715.6,116.2,4.37E-04,17.2,17.22,17.21
3000,19:52:23,715.6,121.8,4.37E-04,17.2,17.23,17.21
3001,19:52:24,715.6,123.2,4.37E-04,17.22,17.23,17.22
3004,19:52:26,715.6,111.6,4.37E-04,17.2,17.22,17.2
3005,19:52:27,715.6,122.4,4.37E-04,17.2,17.21,17.2
3008,19:52:29,715.6,108.5,4.47E-04,17.19,17.21,17.19
3009,19:52:30,715.6,126,4.47E-04,17.19,17.21,17.19
3012,19:52:31,715.6,124,4.37E-04,17.21,17.22,17.21
3016,19:52:34,87.8,87.8,4.37E-04,17.22,17.22,17.22
3017,19:52:35,715.6,117.2,4.37E-04,17.2,17.22,17.21
3019,19:52:36,715.6,119.4,4.37E-04,17.19,17.2,17.19
3020,19:52:37,715.6,96.8,4.37E-04,17.19,17.2,17.19
3022,19:52:39,715.6,108,4.57E-04,17.18,17.2,17.18
3023,19:52:40,715.6,99.8,4.37E-04,17.18,17.22,17.19
3030,19:52:44,715.6,114.8,4.47E-04,17.18,17.22,17.19
3032,19:52:46,715.6,137,4.27E-04,17.19,17.23,17.21
3036,19:52:48,715.6,112.8,4.47E-04,17.19,17.23,17.21
3037,19:52:49,715.6,84.6,4.37E-04,17.19,17.22,17.2
3040,19:52:51,715.6,154.9,4.37E-04,17.2,17.22,17.21
3044,19:52:53,715.6,111.6,4.47E-04,17.18,17.2,17.18
3045,19:52:54,715.6,109.4,4.47E-04,17.19,17.2,17.19
3048,19:52:56,715.6,120.1,4.57E-04,17.18,17.2,17.18
3049,19:52:57,715.6,110.4,4.57E-04,17.18,17.18,17.18
3051,19:52:58,715.6,122.8,4.57E-04,17.18,17.19,17.18
3052,19:52:59,715.6,103.8,4.57E-04,17.19,17.19,17.19
3055,19:53:01,715.6,118.8,4.37E-04,17.19,17.2,17.19
3056,19:53:02,715.6,112.8,4.57E-04,17.17,17.2,17.18
3059,19:53:04,715.6,97.1,4.47E-04,17.17,17.21,17.19
3061,19:53:05,715.6,117,4.57E-04,17.16,17.21,17.19
3063,19:53:06,715.6,112.8,4.57E-04,17.16,17.16,17.16
3067,19:53:09,715.6,102.8,4.37E-04,17.17,17.21,17.18
3068,19:53:10,715.6,105.4,4.37E-04,17.2,17.21,17.2
3071,19:53:12,715.6,120.6,4.37E-04,17.2,17.23,17.21
3075,19:53:14,715.6,130.4,4.27E-04,17.22,17.23,17.22
3076,19:53:15,715.6,98.4,4.47E-04,17.19,17.22,17.2
3079,19:53:17,715.6,111.7,4.37E-04,17.19,17.2,17.19
3080,19:53:18,715.6,117.8,4.47E-04,17.2,17.2,17.2
3081,19:53:20,715.6,108.4,4.37E-04,17.2,17.22,17.2
3083,19:53:21,715.6,136,4.27E-04,17.22,17.23,17.22
3084,19:53:22,715.6,106.8,4.17E-04,17.23,17.23,17.23
3090,19:53:25,715.6,116.4,4.37E-04,17.2,17.23,17.21
3091,19:53:26,715.6,135.8,4.37E-04,17.23,17.23,17.23
3092,19:53:27,715.6,106.2,4.37E-04,17.22,17.23,17.22
3093,19:53:28,715.6,114.2,4.27E-04,17.22,17.22,17.22
3096,19:53:30,111.4,95.7,4.37E-04,17.21,17.22,17.21
3098,19:53:31,715.6,131.2,4.27E-04,17.22,17.23,17.22
3100,19:53:32,715.6,105.8,4.27E-04,17.23,17.24,17.23
3104,19:53:35,715.6,107.4,4.47E-04,17.21,17.23,17.21
3105,19:53:36,715.6,114.2,4.37E-04,17.21,17.22,17.21
3106,19:53:38,715.6,135.9,4.47E-04,17.2,17.22,17.2
3108,19:53:43,715.6,115.6,4.47E-04,17.19,17.2,17.19
3109,19:53:44,158.6,158.6,4.37E-04,17.21,17.21,17.21
3111,19:53:46,715.6,98.8,4.47E-04,17.2,17.21,17.2
3114,19:53:47,111,111,4.57E-04,17.17,17.2,17.18
3115,19:53:48,715.6,164,4.57E-04,17.17,17.18,17.17
3116,19:53:49,715.6,107.6,4.47E-04,17.18,17.2,17.19
3117,19:53:50,715.6,129.8,4.47E-04,17.2,17.2,17.2
3120,19:53:52,715.6,117.2,4.47E-04,17.18,17.2,17.19
3122,19:53:53,715.6,100.6,4.57E-04,17.18,17.19,17.18
3124,19:53:54,715.6,121.2,4.47E-04,17.19,17.2,17.19
3128,19:53:57,715.6,110,4.57E-04,17.18,17.2,17.19
3129,19:53:58,715.6,125.2,4.47E-04,17.18,17.21,17.19
3131,19:53:59,715.6,81.6,4.37E-04,17.21,17.21,17.21
3134,19:54:01,715.6,122,4.68E-04,17.15,17.21,17.18
3135,19:54:02,715.6,91.2,4.79E-04,17.15,17.15,17.15
3137,19:54:03,715.6,94.2,4.47E-04,17.15,17.19,17.17
3138,19:54:04,715.6,119.2,4.47E-04,17.19,17.2,17.19
3141,19:54:06,122.6,122.6,4.57E-04,17.18,17.2,17.18
3142,19:54:07,715.6,139.6,4.37E-04,17.18,17.2,17.18
3145,19:54:09,715.6,96.6,4.37E-04,17.2,17.22,17.21
3147,19:54:10,715.6,138.4,4.37E-04,17.21,17.22,17.21
3149,19:54:11,715.6,115,4.47E-04,17.2,17.21,17.2
3150,19:54:12,715.6,112.4,4.47E-04,17.2,17.2,17.2
3151,19:54:13,715.6,97,4.37E-04,17.2,17.22,17.2
3152,19:54:14,715.6,103.6,4.37E-04,17.2,17.22,17.21
3153,19:54:15,715.6,105.2,4.47E-04,17.19,17.2,17.19
3156,19:54:17,715.6,107.2,4.37E-04,17.19,17.2,17.19
3158,19:54:18,715.6,97.6,4.47E-04,17.2,17.2,17.2
3159,19:54:19,715.6,118.4,4.47E-04,17.19,17.2,17.19
3160,19:54:20,715.6,104.2,4.37E-04,17.19,17.2,17.19
3161,19:54:21,715.6,124.4,4.37E-04,17.2,17.22,17.21
3168,19:54:25,715.6,115.6,4.37E-04,17.21,17.23,17.22
3169,19:54:26,715.6,115,4.37E-04,17.21,17.21,17.21
3172,19:54:28,715.6,136.2,4.47E-04,17.19,17.22,17.21
3174,19:54:29,715.6,89.4,4.47E-04,17.19,17.2,17.19
3176,19:54:30,715.6,118.4,4.27E-04,17.2,17.22,17.21
3177,19:54:31,180.8,180.8,4.27E-04,17.22,17.22,17.22
3180,19:54:33,715.6,111.8,4.37E-04,17.2,17.22,17.2
3181,19:54:34,715.6,86.4,4.37E-04,17.2,17.21,17.2
3182,19:54:35,715.6,131.4,4.37E-04,17.21,17.21,17.21
3185,19:54:37,715.6,109.6,4.27E-04,17.21,17.22,17.21
3186,19:54:38,715.6,119.6,4.57E-04,17.18,17.21,17.2
3187,19:54:39,715.6,112.4,4.47E-04,17.18,17.2,17.18
3190,19:54:41,107.2,107.2,4.57E-04,17.18,17.18,17.18
3197,19:54:45,715.6,80,4.47E-04,17.17,17.2,17.18
3198,19:57:19,688.6,119.8,2.95E-04,17.47,17.53,17.49
3201,19:57:21,688.6,129.5,2.82E-04,17.52,17.53,17.52
3203,19:57:22,688.6,99.2,2.95E-04,17.5,17.52,17.51
3204,19:57:23,688.6,125.8,2.95E-04,17.49,17.5,17.49
3207,19:57:25,688.6,139.6,3.02E-04,17.48,17.49,17.48
3208,19:57:25,688.6,133.2,3.02E-04,17.47,17.48,17.47
3211,19:57:27,688.6,122,3.16E-04,17.46,17.47,17.46
3212,19:57:28,688.6,127.8,3.09E-04,17.46,17.48,17.46
3215,19:57:30,688.6,114.2,2.95E-04,17.47,17.48,17.47
3216,19:57:30,688.6,134.4,2.95E-04,17.47,17.51,17.49
3219,19:57:32,688.6,118.2,3.09E-04,17.47,17.51,17.48
3220,19:57:33,688.6,154.2,3.02E-04,17.47,17.48,17.47
3223,19:57:35,688.6,123.1,3.09E-04,17.45,17.48,17.46
3225,19:57:36,688.6,130,3.09E-04,17.45,17.48,17.45
3227,19:57:37,688.6,116,2.88E-04,17.48,17.49,17.48
3228,19:57:38,688.6,131.8,2.88E-04,17.49,17.51,17.49
3231,19:57:40,688.6,129.6,3.02E-04,17.49,17.51,17.49
3233,19:57:41,688.6,113.8,3.09E-04,17.47,17.49,17.48
3236,19:57:43,688.6,143.2,3.02E-04,17.47,17.5,17.48
3240,19:57:45,688.6,111.4,3.09E-04,17.48,17.49,17.48
3241,19:57:46,688.6,129.8,2.88E-04,17.48,17.52,17.48
3244,19:57:48,688.6,116.4,2.88E-04,17.51,17.53,17.52
3246,19:57:50,688.6,113.2,2.95E-04,17.5,17.51,17.5
3248,19:57:51,688.6,96.2,2.88E-04,17.51,17.54,17.51
3251,19:57:53,688.6,123.1,2.88E-04,17.51,17.54,17.52
3253,19:57:54,688.6,110,2.95E-04,17.51,17.52,17.51
3255,19:57:55,688.6,124.8,2.88E-04,17.52,17.52,17.52
3260,19:57:58,688.6,132.4,2.82E-04,17.51,17.53,17.51
3261,19:57:59,688.6,109,2.82E-04,17.52,17.53,17.52
3264,19:58:01,688.6,102.6,2.88E-04,17.51,17.52,17.51
3266,19:58:02,688.6,135,2.88E-04,17.52,17.53,17.52
3267,19:58:03,688.6,121.4,2.88E-04,17.48,17.53,17.51
3270,19:58:05,75.4,75.4,2.88E-04,17.5,17.5,17.5
3273,19:58:06,688.6,122,2.95E-04,17.5,17.52,17.5
3274,19:58:07,688.6,115.8,2.95E-04,17.49,17.52,17.51
3276,19:58:10,688.6,114.2,2.95E-04,17.49,17.51,17.49
3277,19:58:11,688.6,130.6,3.02E-04,17.49,17.51,17.5
3284,19:58:15,688.6,117,2.95E-04,17.49,17.51,17.49
3286,19:58:16,688.6,138.5,2.95E-04,17.5,17.5,17.5
3287,19:58:17,60.8,60.8,2.95E-04,17.49,17.49,17.49
3289,19:58:18,688.6,116.2,3.02E-04,17.49,17.49,17.49
3290,19:58:19,688.6,118.8,2.95E-04,17.49,17.51,17.49
3293,19:58:21,688.6,111.8,2.88E-04,17.51,17.53,17.52
3297,19:58:23,160.8,160.8,2.82E-04,17.54,17.54,17.54
3299,19:58:24,688.6,105,2.82E-04,17.52,17.54,17.53
3301,19:58:25,688.6,118.8,2.95E-04,17.51,17.52,17.51
3302,19:58:26,688.6,129.2,2.95E-04,17.49,17.51,17.49
3306,19:58:29,688.6,126,2.95E-04,17.49,17.5,17.49
3307,19:58:29,688.6,123.8,2.95E-04,17.5,17.5,17.5
3310,19:58:31,161.2,135.9,2.95E-04,17.5,17.5,17.5
3311,19:58:32,688.6,114.2,2.95E-04,17.5,17.51,17.5
3314,19:58:34,688.6,121.2,2.95E-04,17.5,17.51,17.5
3318,19:58:36,688.6,100.6,2.95E-04,17.49,17.51,17.5
3320,19:58:37,688.6,113.4,3.09E-04,17.48,17.49,17.48
3322,19:58:39,112.4,112.4,3.02E-04,17.5,17.5,17.5
3323,19:58:39,688.6,131.8,3.02E-04,17.5,17.5,17.5
3326,19:58:41,688.6,117,3.09E-04,17.48,17.5,17.48
3327,19:58:42,688.6,115.2,3.02E-04,17.48,17.51,17.48
3331,19:58:44,688.6,114.1,2.95E-04,17.48,17.51,17.49
3332,19:58:45,688.6,111.2,3.09E-04,17.46,17.48,17.47
3335,19:58:47,688.6,112.8,2.88E-04,17.46,17.49,17.47
3336,19:58:47,688.6,120.6,2.88E-04,17.49,17.51,17.49
3339,19:58:49,688.6,111,3.02E-04,17.48,17.51,17.5
3340,19:58:50,688.6,107.2,2.95E-04,17.48,17.5,17.48
3343,19:58:52,688.6,134.8,2.88E-04,17.5,17.53,17.51
3345,19:58:53,688.6,127.6,2.95E-04,17.51,17.52,17.51
3346,19:58:54,688.6,142,2.95E-04,17.49,17.51,17.5
3349,19:58:56,688.6,103.8,3.02E-04,17.49,17.49,17.49
3350,19:58:56,688.6,128.2,3.02E-04,17.49,17.5,17.49
3353,19:58:58,688.6,108.6,2.95E-04,17.49,17.51,17.5
3354,19:58:59,688.6,106.2,3.02E-04,17.49,17.49,17.49
3357,19:59:01,688.6,92.8,2.82E-04,17.49,17.52,17.51
3361,19:59:03,688.6,132.8,3.02E-04,17.47,17.52,17.5
3363,19:59:04,688.6,117.8,3.09E-04,17.47,17.47,17.47
3365,19:59:06,688.6,112.6,3.02E-04,17.47,17.49,17.48
3366,19:59:06,688.6,158,3.02E-04,17.48,17.48,17.48
3367,19:59:07,688.6,129,3.09E-04,17.46,17.48,17.47
3369,19:59:09,688.6,131.9,3.09E-04,17.46,17.49,17.46
3373,19:59:11,688.6,127.6,3.02E-04,17.48,17.49,17.48
3379,19:59:15,688.6,132.2,2.88E-04,17.48,17.53,17.49
3380,19:59:15,688.6,110.6,2.88E-04,17.51,17.53,17.52
3382,19:59:17,688.6,120,3.02E-04,17.5,17.51,17.5
3383,19:59:17,688.6,102,3.02E-04,17.48,17.5,17.49
3386,19:59:19,688.6,134.4,3.09E-04,17.47,17.48,17.47
3388,19:59:20,688.6,121,3.02E-04,17.48,17.49,17.48
3390,19:59:22,688.6,122,3.02E-04,17.49,17.5,17.49
3392,19:59:23,126.4,126.4,3.02E-04,17.48,17.5,17.48
3396,19:59:25,688.6,119.4,3.02E-04,17.47,17.48,17.47
3398,19:59:27,688.6,129,3.16E-04,17.45,17.47,17.45
3399,19:59:27,688.6,175.4,3.16E-04,17.46,17.46,17.46
3402,19:59:29,688.6,127.6,2.95E-04,17.46,17.51,17.48
3405,19:59:31,688.6,136.2,3.09E-04,17.46,17.51,17.48
3409,19:59:33,688.6,100.2,3.02E-04,17.46,17.49,17.46
3411,19:59:35,688.6,135,2.95E-04,17.49,17.51,17.5
3415,19:59:37,688.6,119.2,3.02E-04,17.47,17.5,17.48
3418,19:59:39,688.6,105.8,2.88E-04,17.5,17.53,17.51
3422,19:59:41,688.6,126.8,3.02E-04,17.47,17.5,17.48
3424,19:59:42,688.6,128.4,2.95E-04,17.47,17.49,17.47
3425,19:59:43,688.6,107.2,2.95E-04,17.49,17.49,17.49
3428,19:59:45,197.8,197.8,3.16E-04,17.44,17.49,17.47
3431,19:59:47,688.6,114.4,3.09E-04,17.44,17.47,17.45
3432,19:59:47,688.6,109.4,3.09E-04,17.46,17.47,17.46
3434,19:59:49,688.6,115.2,3.09E-04,17.46,17.47,17.46
3435,19:59:49,124.2,124.2,3.09E-04,17.47,17.47,17.47
3437,19:59:51,688.6,135.6,3.02E-04,17.47,17.47,17.47
3441,19:59:53,688.6,119.8,2.95E-04,17.49,17.5,17.49
3444,19:59:55,688.6,107.4,3.02E-04,17.48,17.5,17.49
3447,19:59:57,688.6,110.2,3.02E-04,17.48,17.49,17.48
3448,19:59:57,80.8,80.8,3.02E-04,17.49,17.49,17.49
3450,19:59:59,688.6,112.8,3.02E-04,17.49,17.5,17.49
3451,19:59:59,688.6,115.2,3.02E-04,17.48,17.5,17.49
3454,20:00:01,688.6,140.6,2.88E-04,17.48,17.51,17.5
3456,20:00:02,688.6,113,2.95E-04,17.49,17.51,17.5
3457,20:00:03,688.6,142.4,2.95E-04,17.49,17.49,17.49
3460,20:00:05,688.6,124.9,2.88E-04,17.49,17.52,17.5
3463,20:00:07,688.6,130.2,3.02E-04,17.48,17.52,17.49
3466,20:00:10,688.6,138,2.95E-04,17.48,17.52,17.48
3467,20:00:11,688.6,161.8,2.88E-04,17.51,17.52,17.51
3471,20:00:13,688.6,110.2,2.95E-04,17.5,17.51,17.5
3474,20:00:15,688.6,127,2.88E-04,17.5,17.52,17.5
3478,20:00:17,688.6,110,2.95E-04,17.5,17.52,17.51
3479,20:00:18,688.6,76.8,2.95E-04,17.49,17.5,17.49
3480,20:00:19,688.6,149.6,2.95E-04,17.49,17.51,17.49
3483,20:00:21,688.6,128.4,2.88E-04,17.5,17.51,17.5
3485,20:00:22,688.6,96.6,2.95E-04,17.5,17.51,17.5
3487,20:00:23,688.6,119.2,2.88E-04,17.51,17.51,17.51
3488,20:00:24,688.6,85.4,2.88E-04,17.5,17.51,17.5
3491,20:00:26,688.6,145.2,2.95E-04,17.5,17.5,17.5
3494,20:00:28,79.8,79.8,3.09E-04,17.47,17.5,17.48
3496,20:00:29,688.6,130.2,3.02E-04,17.47,17.5,17.49
3500,20:00:31,688.6,124.4,3.02E-04,17.48,17.5,17.49
3502,20:00:32,688.6,125.2,3.02E-04,17.47,17.48,17.47
3505,20:00:34,688.6,111,3.02E-04,17.47,17.5,17.49
3506,20:00:35,688.6,132,2.88E-04,17.5,17.5,17.5
3509,20:00:37,688.6,121.6,3.02E-04,17.48,17.5,17.49
3511,20:00:38,688.6,109,2.95E-04,17.48,17.5,17.49
3513,20:00:39,688.6,115.2,3.02E-04,17.5,17.5,17.5
3514,20:00:40,688.6,100.8,3.02E-04,17.5,17.5,17.5
3517,20:00:42,688.6,114.2,2.95E-04,17.5,17.5,17.5
3519,20:00:43,688.6,120,2.95E-04,17.5,17.5,17.5
3522,20:00:45,688.6,135.2,3.02E-04,17.47,17.5,17.49
3526,20:00:47,688.6,115.6,3.02E-04,17.47,17.48,17.47
3528,20:00:48,688.6,80,3.02E-04,17.48,17.49,17.48
3529,20:00:50,688.6,125.4,3.09E-04,17.45,17.49,17.47
3532,20:00:52,688.6,121.4,3.09E-04,17.45,17.47,17.45
3535,20:00:54,688.6,147.8,3.09E-04,17.47,17.48,17.47
3537,20:00:55,688.6,111,3.24E-04,17.45,17.48,17.45
3538,20:00:56,688.6,105,3.16E-04,17.45,17.47,17.45
3541,20:00:58,688.6,131.4,3.02E-04,17.47,17.47,17.47
3543,20:00:59,688.6,133.2,3.09E-04,17.46,17.47,17.46
3546,20:01:01,688.6,124.2,3.02E-04,17.46,17.48,17.46
3550,20:01:03,178.2,178.2,3.02E-04,17.49,17.49,17.49
3552,20:01:04,688.6,108.2,3.02E-04,17.48,17.48,17.48
3553,20:01:05,688.6,105.8,3.02E-04,17.48,17.49,17.48
3556,20:01:07,688.6,114,3.09E-04,17.49,17.49,17.49
3558,20:01:08,688.6,141.4,3.02E-04,17.47,17.49,17.47
3559,20:01:09,688.6,112.6,3.02E-04,17.48,17.49,17.48
3562,20:01:11,688.6,124.6,3.02E-04,17.48,17.48,17.48
3565,20:01:12,688.6,101.8,2.95E-04,17.48,17.5,17.49
3567,20:01:14,688.6,134.8,3.02E-04,17.48,17.5,17.48
3568,20:01:14,688.6,124.4,3.02E-04,17.48,17.49,17.48
3571,20:01:16,688.6,140.4,2.88E-04,17.49,17.54,17.5
3573,20:01:17,688.6,141.6,2.95E-04,17.51,17.54,17.52
3575,20:01:19,688.6,140.2,2.88E-04,17.5,17.52,17.5
3579,20:01:21,151,151,2.95E-04,17.49,17.5,17.49
3582,20:01:23,688.6,121.4,2.95E-04,17.49,17.5,17.49
3584,20:01:24,688.6,120.4,2.95E-04,17.5,17.51,17.5
3585,20:01:25,688.6,104.2,2.95E-04,17.5,17.51,17.5
3588,20:01:27,688.6,113.2,2.88E-04,17.51,17.53,17.51
3589,20:01:28,688.6,115.8,2.82E-04,17.51,17.53,17.51
3592,20:01:29,61.4,61.4,3.09E-04,17.47,17.53,17.5
3594,20:01:31,688.6,107.8,3.09E-04,17.47,17.47,17.47
3600,20:01:34,688.6,113.2,2.95E-04,17.47,17.5,17.48
3601,20:01:35,688.6,114.4,2.95E-04,17.49,17.49,17.49
3604,20:01:37,688.6,124.4,3.02E-04,17.47,17.49,17.47
3608,20:01:39,688.6,94.4,2.95E-04,17.48,17.49,17.48
3610,20:01:40,688.6,119.2,3.09E-04,17.47,17.49,17.47
3613,20:01:42,688.6,146.4,3.09E-04,17.46,17.49,17.46
3614,20:01:43,688.6,120.6,3.02E-04,17.47,17.49,17.48
3616,20:01:44,688.6,91.4,3.09E-04,17.47,17.48,17.47
3619,20:01:46,688.6,130.6,3.02E-04,17.47,17.51,17.47
3621,20:01:47,688.6,115.8,3.09E-04,17.5,17.51,17.5
3622,20:01:48,688.6,115.6,3.09E-04,17.48,17.5,17.49
3623,20:01:50,688.6,143,3.09E-04,17.47,17.48,17.47
3624,20:01:51,688.6,151.6,3.09E-04,17.47,17.47,17.47
3626,20:01:53,688.6,112,3.02E-04,17.48,17.49,17.48
3637,20:01:59,688.6,139.7,3.09E-04,17.46,17.49,17.47
3641,20:02:01,78.4,78.4,3.02E-04,17.49,17.49,17.49
3643,20:02:02,688.6,113.6,2.88E-04,17.48,17.49,17.48
3645,20:02:04,79,69,3.02E-04,17.47,17.51,17.48
3649,20:02:06,688.6,149,3.09E-04,17.47,17.49,17.48
3651,20:02:07,688.6,121.6,3.16E-04,17.48,17.48,17.48
3652,20:02:09,688.6,114,3.16E-04,17.44,17.48,17.44
3654,20:02:11,688.6,116.4,3.16E-04,17.46,17.46,17.46
3655,20:02:12,688.6,126.2,3.09E-04,17.46,17.48,17.47
3657,20:02:13,688.6,122.2,2.95E-04,17.47,17.5,17.47
3660,20:02:15,688.6,102.8,3.02E-04,17.48,17.5,17.49
3664,20:02:17,688.6,111.4,3.16E-04,17.44,17.48,17.45
3665,20:02:18,688.6,144.6,3.09E-04,17.45,17.47,17.46
3666,20:02:19,688.6,141.4,3.09E-04,17.45,17.49,17.45
3669,20:02:21,688.6,116.4,3.02E-04,17.48,17.49,17.48
3671,20:02:22,688.6,136.2,3.02E-04,17.47,17.49,17.48
3673,20:02:23,688.6,138,3.09E-04,17.47,17.49,17.47
3676,20:02:26,688.6,141.9,3.09E-04,17.47,17.5,17.48
3678,20:02:27,688.6,110.4,2.95E-04,17.49,17.5,17.49
3680,20:02:29,688.6,120,3.09E-04,17.49,17.49,17.49
3682,20:02:30,688.6,95.8,3.09E-04,17.47,17.49,17.48
3684,20:02:31,688.6,123.2,3.02E-04,17.48,17.49,17.48
3686,20:02:32,688.6,142.2,2.95E-04,17.48,17.51,17.49
3688,20:02:34,78.4,78.4,2.88E-04,17.53,17.53,17.53
3689,20:02:35,688.6,119.6,2.95E-04,17.5,17.53,17.52
3692,20:02:37,688.6,108.4,2.82E-04,17.5,17.52,17.5
3694,20:02:38,688.6,111.4,2.88E-04,17.51,17.52,17.51
3696,20:02:39,688.6,114.6,2.95E-04,17.49,17.51,17.5
