counter,time,sopr max rate,sopr aver rate,prefecber,esnrmin,esnrmax,esnraver,dgdmin,dgdmax,dgdaver,csrmin,csrmax,csraver
0,11:09:02,734.2,120.8,2.75E-04,17.47,17.61,17.55,0.0,6.9,2.6,0.00E+00,7.02E-09,2.71E-12
2,11:09:04,734.2,116.0,2.82E-04,17.53,17.55,17.53,1.4,1.4,1.4,0.00E+00,0.00E+00,0.00E+00
3,11:09:04,734.2,143.4,2.69E-04,17.56,17.56,17.56,0.5,0.5,0.5,0.00E+00,0.00E+00,0.00E+00
6,11:09:06,734.2,114.0,2.69E-04,17.56,17.59,17.58,2.7,2.8,2.7,0.00E+00,0.00E+00,0.00E+00
8,11:09:08,734.2,131.2,2.75E-04,17.56,17.58,17.56,3.2,3.2,3.2,0.00E+00,0.00E+00,0.00E+00
10,11:09:09,734.2,130.8,2.63E-04,17.56,17.58,17.57,2.9,3.8,3.3,0.00E+00,0.00E+00,0.00E+00
14,11:09:12,734.2,117.2,2.63E-04,17.58,17.58,17.58,1.2,1.2,1.2,0.00E+00,0.00E+00,0.00E+00
15,11:09:12,734.2,121.2,2.63E-04,17.58,17.58,17.58,2.8,2.8,2.8,0.00E+00,0.00E+00,0.00E+00
18,11:09:14,734.2,108.2,2.69E-04,17.57,17.58,17.57,3.1,3.3,3.2,0.00E+00,0.00E+00,0.00E+00
22,11:09:17,734.2,116.0,2.63E-04,17.57,17.58,17.57,1.3,1.3,1.3,0.00E+00,0.00E+00,0.00E+00
23,11:09:18,734.2,149.6,2.69E-04,17.57,17.58,17.57,1.2,1.2,1.2,0.00E+00,0.00E+00,0.00E+00
25,11:09:19,84.4,84.4,2.63E-04,17.57,17.58,17.57,1.7,1.7,1.7,0.00E+00,0.00E+00,0.00E+00
29,11:09:21,734.2,120.6,2.69E-04,17.55,17.58,17.55,3.7,3.7,3.7,0.00E+00,0.00E+00,0.00E+00
30,11:09:22,734.2,146.2,2.57E-04,17.60,17.60,17.60,0.4,0.4,0.4,0.00E+00,0.00E+00,0.00E+00
33,11:09:24,121.4,121.4,2.69E-04,17.57,17.57,17.57,2.5,4.2,3.3,0.00E+00,0.00E+00,0.00E+00
35,11:09:26,734.2,133.2,2.75E-04,17.56,17.57,17.56,3.9,3.9,3.9,0.00E+00,0.00E+00,0.00E+00
37,11:09:27,734.2,101.2,2.63E-04,17.55,17.58,17.56,3.2,5.6,4.4,0.00E+00,0.00E+00,0.00E+00
45,11:09:32,734.2,123.8,2.57E-04,17.58,17.61,17.59,3.9,3.9,3.9,0.00E+00,0.00E+00,0.00E+00
47,11:09:33,734.2,129.2,2.63E-04,17.59,17.60,17.59,2.1,2.1,2.1,0.00E+00,0.00E+00,0.00E+00
49,11:09:35,734.2,120.0,2.57E-04,17.59,17.60,17.59,3.2,3.2,3.2,0.00E+00,0.00E+00,0.00E+00
51,11:09:36,734.2,124.0,2.69E-04,17.57,17.60,17.58,0.5,0.5,0.5,0.00E+00,0.00E+00,0.00E+00
52,11:09:37,734.2,111.0,2.69E-04,17.57,17.57,17.57,3.2,3.2,3.2,0.00E+00,0.00E+00,0.00E+00
55,11:09:39,77.2,77.2,2.63E-04,17.57,17.59,17.58,3.3,3.3,3.3,0.00E+00,0.00E+00,0.00E+00
56,11:09:40,734.2,133.8,2.82E-04,17.54,17.54,17.54,3.0,3.0,3.0,0.00E+00,0.00E+00,0.00E+00
58,11:09:41,734.2,135.2,2.63E-04,17.54,17.59,17.56,1.5,1.5,1.5,0.00E+00,0.00E+00,0.00E+00
59,11:09:42,734.2,140.6,2.63E-04,17.59,17.59,17.59,1.9,1.9,1.9,0.00E+00,0.00E+00,0.00E+00
60,11:09:43,734.2,126.0,2.63E-04,17.59,17.59,17.59,0.7,0.7,0.7,0.00E+00,0.00E+00,0.00E+00
62,11:09:44,734.2,119.2,2.75E-04,17.55,17.59,17.56,2.7,2.7,2.7,0.00E+00,0.00E+00,0.00E+00
63,11:09:45,734.2,145.4,2.75E-04,17.55,17.55,17.55,3.5,3.5,3.5,0.00E+00,0.00E+00,0.00E+00
65,11:09:47,734.2,136.2,2.69E-04,17.57,17.58,17.57,1.1,1.1,1.1,0.00E+00,0.00E+00,0.00E+00
68,11:09:49,734.2,121.8,2.75E-04,17.56,17.57,17.56,3.1,3.1,3.1,0.00E+00,0.00E+00,0.00E+00
75,11:09:53,734.2,146.3,2.82E-04,17.53,17.56,17.53,3.5,3.5,1.7,0.00E+00,0.00E+00,0.00E+00
77,11:09:55,734.2,150.2,2.88E-04,17.51,17.53,17.51,3.7,3.7,3.7,0.00E+00,0.00E+00,0.00E+00
78,11:09:55,734.2,129.4,2.75E-04,17.51,17.55,17.54,4.2,4.2,4.2,0.00E+00,0.00E+00,0.00E+00
79,11:09:56,734.2,126.8,2.82E-04,17.53,17.55,17.53,3.7,3.7,3.7,0.00E+00,0.00E+00,0.00E+00
82,11:09:58,734.2,92.2,2.88E-04,17.50,17.53,17.51,3.1,3.5,3.3,0.00E+00,0.00E+00,0.00E+00
86,11:10:01,734.2,119.4,2.88E-04,17.51,17.53,17.52,3.9,3.9,3.9,0.00E+00,0.00E+00,0.00E+00
87,11:10:01,734.2,131.0,2.82E-04,17.53,17.53,17.53,3.7,3.7,3.7,0.00E+00,0.00E+00,0.00E+00
90,11:10:03,734.2,117.4,2.95E-04,17.50,17.53,17.51,0.1,2.3,1.2,0.00E+00,0.00E+00,0.00E+00
94,11:10:06,734.2,131.6,2.95E-04,17.50,17.51,17.50,3.3,3.3,3.3,0.00E+00,0.00E+00,0.00E+00
95,11:10:07,734.2,111.8,2.95E-04,17.50,17.50,17.50,4.7,4.7,4.7,0.00E+00,0.00E+00,0.00E+00
98,11:10:09,734.2,125.7,2.88E-04,17.50,17.52,17.51,3.2,3.9,3.5,0.00E+00,0.00E+00,0.00E+00
99,11:10:09,734.2,123.4,2.82E-04,17.52,17.54,17.53,5.3,5.3,5.3,0.00E+00,0.00E+00,0.00E+00
101,11:10:11,734.2,123.0,2.88E-04,17.52,17.54,17.53,2.6,2.6,2.6,0.00E+00,0.00E+00,0.00E+00
102,11:10:12,734.2,101.8,2.88E-04,17.52,17.52,17.52,3.7,3.7,3.7,0.00E+00,0.00E+00,0.00E+00
105,11:10:13,734.2,139.8,2.88E-04,17.50,17.52,17.51,3.9,3.9,3.9,0.00E+00,0.00E+00,0.00E+00
106,11:10:14,734.2,122.6,2.82E-04,17.52,17.53,17.52,0.9,0.9,0.9,0.00E+00,0.00E+00,0.00E+00
109,11:10:16,734.2,119.0,2.88E-04,17.51,17.53,17.51,1.0,3.9,2.4,0.00E+00,0.00E+00,0.00E+00
111,11:10:18,734.2,142.6,2.88E-04,17.51,17.52,17.51,4.9,4.9,4.9,0.00E+00,0.00E+00,0.00E+00
112,11:10:18,734.2,124.2,2.88E-04,17.52,17.52,17.52,3.6,3.6,3.6,0.00E+00,0.00E+00,0.00E+00
115,11:10:20,734.2,108.3,3.02E-04,17.49,17.52,17.50,1.1,2.3,1.7,0.00E+00,0.00E+00,0.00E+00
119,11:10:23,116.6,116.6,2.88E-04,17.49,17.52,17.50,2.8,2.8,2.8,0.00E+00,0.00E+00,0.00E+00
120,11:10:24,734.2,126.4,2.95E-04,17.51,17.51,17.51,1.8,1.8,1.8,0.00E+00,0.00E+00,0.00E+00
123,11:10:26,734.2,133.4,3.02E-04,17.48,17.51,17.48,1.2,4.2,2.7,0.00E+00,0.00E+00,0.00E+00
124,11:10:26,734.2,137.0,2.95E-04,17.48,17.50,17.49,4.3,4.3,4.3,0.00E+00,0.00E+00,0.00E+00
125,11:10:28,734.2,124.9,2.82E-04,17.50,17.53,17.52,1.6,2.4,2.0,0.00E+00,0.00E+00,0.00E+00
133,11:10:33,734.2,121.6,2.88E-04,17.52,17.53,17.52,3.0,3.0,3.0,0.00E+00,0.00E+00,0.00E+00
135,11:10:34,734.2,163.7,2.95E-04,17.50,17.52,17.50,1.9,2.4,2.1,0.00E+00,0.00E+00,0.00E+00
136,11:10:35,734.2,133.8,3.02E-04,17.48,17.50,17.48,3.0,3.0,3.0,0.00E+00,0.00E+00,0.00E+00
139,11:10:37,734.2,149.2,2.95E-04,17.48,17.51,17.49,1.2,1.2,1.2,0.00E+00,0.00E+00,0.00E+00
140,11:10:38,734.2,117.2,2.95E-04,17.51,17.51,17.51,4.7,4.7,4.7,0.00E+00,0.00E+00,0.00E+00
143,11:10:40,734.2,126.8,3.02E-04,17.49,17.51,17.50,4.2,4.2,4.2,0.00E+00,0.00E+00,0.00E+00
144,11:10:41,734.2,127.6,2.95E-04,17.49,17.49,17.49,4.0,4.0,4.0,0.00E+00,0.00E+00,0.00E+00
146,11:10:42,734.2,122.6,2.95E-04,17.49,17.51,17.50,3.4,5.7,4.5,0.00E+00,0.00E+00,0.00E+00
150,11:10:44,734.2,122.6,3.02E-04,17.48,17.50,17.49,4.7,4.7,4.7,0.00E+00,0.00E+00,0.00E+00
151,11:10:45,734.2,135.0,3.02E-04,17.48,17.48,17.48,3.7,3.7,3.7,0.00E+00,0.00E+00,0.00E+00
154,11:10:47,734.2,155.7,3.09E-04,17.47,17.48,17.47,2.1,4.3,3.2,0.00E+00,0.00E+00,0.00E+00
161,11:10:51,734.2,110.6,2.95E-04,17.47,17.51,17.50,2.4,3.3,2.8,0.00E+00,0.00E+00,0.00E+00
162,11:10:52,734.2,103.4,3.02E-04,17.49,17.51,17.49,4.1,4.1,4.1,0.00E+00,0.00E+00,0.00E+00
164,11:10:54,734.2,122.8,3.02E-04,17.49,17.49,17.49,3.5,3.5,3.5,0.00E+00,0.00E+00,0.00E+00
165,11:10:54,734.2,112.4,2.95E-04,17.49,17.49,17.49,0.9,0.9,0.9,0.00E+00,0.00E+00,0.00E+00
168,11:10:56,734.2,116.1,2.95E-04,17.49,17.51,17.50,2.5,3.2,2.8,0.00E+00,0.00E+00,0.00E+00
170,11:10:58,734.2,125.6,2.88E-04,17.51,17.51,17.51,5.3,5.3,5.3,0.00E+00,0.00E+00,0.00E+00
171,11:10:59,734.2,153.4,2.88E-04,17.51,17.51,17.51,1.5,1.5,1.5,0.00E+00,0.00E+00,0.00E+00
172,11:10:59,734.2,107.4,2.95E-04,17.50,17.51,17.50,2.5,2.5,2.5,0.00E+00,0.00E+00,0.00E+00
175,11:11:01,734.2,119.2,2.95E-04,17.50,17.51,17.50,0.8,4.2,2.5,0.00E+00,0.00E+00,0.00E+00
177,11:11:03,734.2,154.0,2.88E-04,17.51,17.51,17.51,2.3,2.3,2.3,0.00E+00,0.00E+00,0.00E+00
178,11:11:03,734.2,122.2,2.95E-04,17.50,17.51,17.50,0.5,0.5,0.5,0.00E+00,0.00E+00,0.00E+00
181,11:11:05,734.2,113.4,2.88E-04,17.50,17.52,17.51,3.6,4.8,4.2,0.00E+00,0.00E+00,0.00E+00
183,11:11:07,734.2,106.2,2.95E-04,17.50,17.52,17.50,0.6,0.6,0.6,0.00E+00,0.00E+00,0.00E+00
184,11:11:07,734.2,125.6,3.02E-04,17.49,17.50,17.49,3.2,3.2,3.2,0.00E+00,0.00E+00,0.00E+00
185,11:11:08,734.2,114.2,2.95E-04,17.49,17.49,17.49,1.5,1.5,1.5,0.00E+00,0.00E+00,0.00E+00
188,11:11:10,734.2,139.1,2.88E-04,17.49,17.52,17.51,1.8,1.9,1.8,0.00E+00,0.00E+00,0.00E+00
190,11:11:12,734.2,131.0,2.88E-04,17.52,17.52,17.52,5.1,5.1,5.1,0.00E+00,0.00E+00,0.00E+00
191,11:11:12,734.2,111.2,2.82E-04,17.52,17.53,17.52,2.4,2.4,2.4,0.00E+00,0.00E+00,0.00E+00
192,11:11:13,734.2,116.0,2.75E-04,17.53,17.55,17.54,3.9,3.9,3.9,0.00E+00,0.00E+00,0.00E+00
195,11:11:15,734.2,115.2,2.82E-04,17.54,17.56,17.55,1.9,1.9,1.9,0.00E+00,0.00E+00,0.00E+00
197,11:11:17,734.2,117.2,2.88E-04,17.53,17.54,17.53,0.7,0.7,0.7,0.00E+00,0.00E+00,0.00E+00
198,11:11:17,734.2,121.4,2.88E-04,17.52,17.53,17.52,5.8,5.8,5.8,0.00E+00,0.00E+00,0.00E+00
200,11:11:19,734.2,105.0,2.75E-04,17.52,17.55,17.54,4.2,4.2,4.2,0.00E+00,0.00E+00,0.00E+00
203,11:11:21,734.2,124.4,2.88E-04,17.53,17.56,17.54,5.9,5.9,5.9,0.00E+00,0.00E+00,0.00E+00
204,11:11:21,734.2,112.0,2.95E-04,17.51,17.53,17.51,3.4,3.4,3.4,0.00E+00,0.00E+00,0.00E+00
205,11:11:22,734.2,98.4,2.88E-04,17.51,17.52,17.51,2.1,2.1,2.1,0.00E+00,0.00E+00,0.00E+00
208,11:11:24,734.2,135.3,2.75E-04,17.52,17.54,17.53,2.0,6.0,4.0,0.00E+00,0.00E+00,0.00E+00
210,11:11:26,734.2,106.8,2.82E-04,17.54,17.54,17.54,3.2,3.2,3.2,0.00E+00,0.00E+00,0.00E+00
211,11:11:26,734.2,117.2,2.95E-04,17.51,17.54,17.51,4.2,4.2,4.2,0.00E+00,0.00E+00,0.00E+00
212,11:11:28,734.2,112.4,2.75E-04,17.51,17.54,17.53,0.8,0.8,0.8,0.00E+00,0.00E+00,0.00E+00
219,11:11:32,734.2,114.4,2.82E-04,17.50,17.54,17.51,3.1,3.1,3.1,0.00E+00,0.00E+00,0.00E+00
220,11:11:33,734.2,106.4,2.82E-04,17.53,17.53,17.53,3.5,3.5,3.5,0.00E+00,0.00E+00,0.00E+00
221,11:11:34,734.2,87.6,2.88E-04,17.52,17.53,17.52,3.5,3.5,3.5,0.00E+00,0.00E+00,0.00E+00
222,11:11:34,734.2,127.8,2.95E-04,17.50,17.52,17.50,1.1,1.1,1.1,0.00E+00,0.00E+00,0.00E+00
223,11:11:35,734.2,141.4,2.88E-04,17.50,17.52,17.51,3.9,3.9,3.9,0.00E+00,0.00E+00,0.00E+00
225,11:11:37,734.2,119.2,2.88E-04,17.52,17.52,17.52,3.4,3.4,3.4,0.00E+00,0.00E+00,0.00E+00
228,11:11:39,734.2,93.7,2.82E-04,17.52,17.54,17.53,2.2,4.1,3.1,0.00E+00,0.00E+00,0.00E+00
229,11:11:39,734.2,98.2,2.88E-04,17.52,17.54,17.52,3.2,3.2,3.2,0.00E+00,0.00E+00,0.00E+00
231,11:11:41,734.2,135.8,2.82E-04,17.52,17.53,17.52,5.5,5.5,5.5,0.00E+00,0.00E+00,0.00E+00
233,11:11:42,734.2,123.2,2.88E-04,17.52,17.53,17.52,1.2,4.2,2.7,0.00E+00,0.00E+00,0.00E+00
235,11:11:43,734.2,105.0,2.88E-04,17.52,17.52,17.52,3.1,3.1,3.1,0.00E+00,0.00E+00,0.00E+00
236,11:11:44,734.2,144.4,2.82E-04,17.52,17.54,17.53,2.7,2.7,2.7,0.00E+00,0.00E+00,0.00E+00
238,11:11:46,734.2,136.6,2.75E-04,17.54,17.55,17.54,1.2,2.4,1.8,0.00E+00,0.00E+00,0.00E+00
239,11:11:47,734.2,125.8,2.82E-04,17.53,17.55,17.53,1.7,1.7,1.7,0.00E+00,0.00E+00,0.00E+00
241,11:11:49,734.2,148.8,2.88E-04,17.52,17.53,17.52,3.7,3.7,3.7,0.00E+00,0.00E+00,0.00E+00
247,11:11:52,734.2,120.6,2.82E-04,17.52,17.57,17.54,1.2,1.2,1.2,0.00E+00,0.00E+00,0.00E+00
249,11:11:54,734.2,114.6,2.88E-04,17.51,17.54,17.51,4.8,4.8,4.8,0.00E+00,0.00E+00,0.00E+00
251,11:11:55,189.2,189.2,2.75E-04,17.55,17.55,17.55,2.3,2.3,2.3,0.00E+00,0.00E+00,0.00E+00
256,11:11:58,734.2,116.0,2.88E-04,17.51,17.55,17.52,2.9,2.9,2.9,0.00E+00,0.00E+00,0.00E+00
257,11:11:59,734.2,117.4,2.95E-04,17.51,17.51,17.51,2.8,2.8,2.8,0.00E+00,0.00E+00,0.00E+00
259,11:12:00,734.2,126.8,2.82E-04,17.51,17.53,17.52,1.7,3.7,2.7,0.00E+00,0.00E+00,0.00E+00
261,11:12:01,734.2,126.2,2.88E-04,17.51,17.53,17.51,3.6,3.6,3.6,0.00E+00,0.00E+00,0.00E+00
263,11:12:03,734.2,116.4,2.88E-04,17.51,17.52,17.51,4.6,4.6,4.6,0.00E+00,0.00E+00,0.00E+00
264,11:12:04,734.2,98.4,2.88E-04,17.52,17.52,17.52,1.0,1.0,1.0,0.00E+00,0.00E+00,0.00E+00
267,11:12:06,734.2,106.0,2.95E-04,17.50,17.52,17.50,4.8,4.8,4.8,0.00E+00,0.00E+00,0.00E+00
268,11:12:06,734.2,104.6,3.02E-04,17.49,17.50,17.49,2.5,2.5,2.5,0.00E+00,0.00E+00,0.00E+00
271,11:12:08,734.2,108.3,2.88E-04,17.49,17.51,17.50,4.1,4.7,4.4,0.00E+00,0.00E+00,0.00E+00
275,11:12:11,58.6,58.6,2.82E-04,17.50,17.54,17.51,0.5,0.5,0.5,0.00E+00,0.00E+00,0.00E+00
276,11:12:12,734.2,150.8,2.95E-04,17.51,17.51,17.51,1.8,1.8,1.8,0.00E+00,0.00E+00,0.00E+00
278,11:12:13,734.2,143.4,2.82E-04,17.49,17.53,17.50,0.3,0.3,0.3,0.00E+00,0.00E+00,0.00E+00
280,11:12:14,734.2,121.6,2.88E-04,17.51,17.53,17.51,2.4,2.4,2.4,0.00E+00,0.00E+00,0.00E+00
282,11:12:16,734.2,135.2,3.02E-04,17.48,17.52,17.51,3.1,3.1,3.1,0.00E+00,0.00E+00,0.00E+00
283,11:12:17,734.2,148.8,3.02E-04,17.48,17.48,17.48,3.3,3.3,3.3,0.00E+00,0.00E+00,0.00E+00
286,11:12:18,734.2,104.6,2.75E-04,17.48,17.55,17.52,4.2,4.2,4.2,0.00E+00,0.00E+00,0.00E+00
287,11:12:19,734.2,149.8,2.82E-04,17.53,17.55,17.53,2.9,2.9,2.9,0.00E+00,0.00E+00,0.00E+00
290,11:12:21,734.2,130.4,2.88E-04,17.50,17.53,17.50,2.9,5.5,4.2,0.00E+00,0.00E+00,0.00E+00
294,11:12:24,734.2,127.0,2.88E-04,17.51,17.53,17.52,3.2,3.2,3.2,0.00E+00,0.00E+00,0.00E+00
295,11:12:24,734.2,139.2,3.02E-04,17.49,17.52,17.49,2.2,2.2,2.2,0.00E+00,0.00E+00,0.00E+00
297,11:12:26,734.2,108.4,2.88E-04,17.48,17.52,17.49,5.6,5.6,5.6,0.00E+00,0.00E+00,0.00E+00
298,11:12:27,734.2,151.4,2.88E-04,17.52,17.52,17.52,3.5,3.5,3.5,0.00E+00,0.00E+00,0.00E+00
299,11:12:28,734.2,96.6,2.82E-04,17.52,17.53,17.52,1.2,1.2,1.2,0.00E+00,0.00E+00,0.00E+00
305,11:12:31,734.2,125.4,2.82E-04,17.51,17.53,17.51,5.1,5.1,5.1,0.00E+00,0.00E+00,0.00E+00
307,11:12:32,734.2,142.6,2.88E-04,17.51,17.53,17.51,2.9,2.9,2.9,0.00E+00,0.00E+00,0.00E+00
308,11:12:33,734.2,139.2,2.95E-04,17.51,17.51,17.51,1.4,1.4,1.4,0.00E+00,0.00E+00,0.00E+00
311,11:12:35,89.2,89.2,3.02E-04,17.48,17.48,17.48,2.7,2.9,2.8,0.00E+00,0.00E+00,0.00E+00
313,11:12:36,734.2,131.6,2.82E-04,17.48,17.53,17.52,1.5,1.5,1.5,0.00E+00,0.00E+00,0.00E+00
315,11:12:38,734.2,109.8,2.88E-04,17.50,17.53,17.50,2.5,2.5,2.5,0.00E+00,0.00E+00,0.00E+00
316,11:12:39,734.2,109.6,2.88E-04,17.51,17.51,17.51,2.2,2.2,2.2,0.00E+00,0.00E+00,0.00E+00
319,11:12:41,734.2,113.8,2.88E-04,17.51,17.53,17.52,2.6,2.6,2.6,0.00E+00,0.00E+00,0.00E+00
320,11:12:41,734.2,128.6,2.95E-04,17.51,17.52,17.51,1.5,1.5,1.5,0.00E+00,0.00E+00,0.00E+00
323,11:12:43,734.2,82.6,2.88E-04,17.51,17.51,17.51,3.0,4.0,3.5,0.00E+00,0.00E+00,0.00E+00
327,11:12:46,734.2,132.8,2.88E-04,17.50,17.52,17.51,2.2,2.2,2.2,0.00E+00,0.00E+00,0.00E+00
331,11:12:48,734.2,92.5,2.88E-04,17.51,17.53,17.52,0.8,2.6,1.7,0.00E+00,0.00E+00,0.00E+00
337,11:12:52,734.2,124.4,2.95E-04,17.51,17.55,17.53,1.2,1.2,1.2,0.00E+00,0.00E+00,0.00E+00
338,11:12:53,734.2,75.2,2.95E-04,17.51,17.51,17.51,1.6,1.6,1.6,0.00E+00,0.00E+00,0.00E+00
339,11:12:54,734.2,142.2,2.88E-04,17.51,17.51,17.51,1.0,1.0,1.0,0.00E+00,0.00E+00,0.00E+00
340,11:12:54,734.2,107.6,2.69E-04,17.51,17.56,17.55,1.2,1.2,1.2,0.00E+00,0.00E+00,0.00E+00
343,11:12:56,734.2,129.6,2.75E-04,17.54,17.56,17.54,1.1,2.4,1.7,0.00E+00,0.00E+00,0.00E+00
347,11:12:59,734.2,135.4,2.82E-04,17.54,17.55,17.54,4.0,4.0,4.0,0.00E+00,0.00E+00,0.00E+00
348,11:13:00,734.2,117.2,2.75E-04,17.54,17.54,17.54,4.7,4.7,4.7,0.00E+00,0.00E+00,0.00E+00
349,11:13:00,734.2,120.6,2.75E-04,17.54,17.55,17.54,4.6,4.6,4.6,0.00E+00,0.00E+00,0.00E+00
352,11:13:02,734.2,114.2,2.82E-04,17.53,17.55,17.53,0.8,0.8,0.8,0.00E+00,0.00E+00,0.00E+00
354,11:13:04,734.2,123.6,2.82E-04,17.53,17.53,17.53,3.1,3.1,3.1,0.00E+00,0.00E+00,0.00E+00
356,11:13:05,734.2,113.8,2.75E-04,17.53,17.55,17.54,2.5,3.9,3.2,0.00E+00,0.00E+00,0.00E+00
360,11:13:07,734.2,121.4,2.88E-04,17.52,17.55,17.52,2.0,2.0,2.0,0.00E+00,0.00E+00,0.00E+00
361,11:13:08,734.2,101.8,2.82E-04,17.52,17.52,17.52,2.0,2.0,2.0,0.00E+00,0.00E+00,0.00E+00
364,11:13:10,734.2,125.2,2.88E-04,17.52,17.52,17.52,2.2,4.8,3.5,0.00E+00,0.00E+00,0.00E+00
368,11:13:13,734.2,117.8,2.95E-04,17.51,17.52,17.51,4.0,4.0,4.0,0.00E+00,0.00E+00,0.00E+00
369,11:13:13,734.2,112.6,3.02E-04,17.50,17.50,17.50,4.0,4.0,4.0,0.00E+00,0.00E+00,0.00E+00
372,11:13:15,734.2,146.7,2.95E-04,17.50,17.51,17.50,3.5,4.8,4.1,0.00E+00,0.00E+00,0.00E+00
374,11:13:17,734.2,122.8,3.02E-04,17.49,17.51,17.49,4.7,4.7,4.7,0.00E+00,0.00E+00,0.00E+00
376,11:13:18,734.2,111.0,2.95E-04,17.49,17.53,17.51,0.8,3.3,2.0,0.00E+00,0.00E+00,0.00E+00
380,11:13:21,163.0,163.0,3.02E-04,17.49,17.50,17.49,3.8,3.8,3.8,0.00E+00,0.00E+00,0.00E+00
381,11:13:21,734.2,133.0,2.95E-04,17.49,17.49,17.49,3.5,3.5,3.5,0.00E+00,0.00E+00,0.00E+00
383,11:13:23,734.2,116.6,2.82E-04,17.49,17.53,17.51,1.6,1.6,1.6,0.00E+00,0.00E+00,0.00E+00
384,11:13:24,734.2,118.2,2.82E-04,17.53,17.53,17.53,4.9,4.9,4.9,0.00E+00,0.00E+00,0.00E+00
387,11:13:26,189.6,189.6,2.95E-04,17.50,17.50,17.50,0.8,0.8,0.8,0.00E+00,0.00E+00,0.00E+00
388,11:13:26,734.2,129.2,2.95E-04,17.50,17.50,17.50,6.9,6.9,6.9,0.00E+00,0.00E+00,0.00E+00
389,11:13:28,734.2,122.2,2.88E-04,17.50,17.54,17.52,3.8,3.8,3.8,0.00E+00,0.00E+00,0.00E+00
396,11:13:32,734.2,122.2,2.82E-04,17.52,17.54,17.52,0.7,0.7,0.7,0.00E+00,0.00E+00,0.00E+00
397,11:13:33,734.2,113.2,2.82E-04,17.54,17.54,17.54,4.6,4.6,4.6,0.00E+00,0.00E+00,0.00E+00
398,11:13:34,734.2,133.0,2.82E-04,17.54,17.54,17.54,4.7,4.7,4.7,0.00E+00,0.00E+00,0.00E+00
400,11:13:35,734.2,112.6,2.95E-04,17.50,17.54,17.50,3.7,3.7,3.7,0.00E+00,0.00E+00,0.00E+00
401,11:13:36,734.2,134.6,2.95E-04,17.50,17.50,17.50,0.8,0.8,0.8,0.00E+00,0.00E+00,0.00E+00
403,11:13:37,734.2,110.4,2.82E-04,17.50,17.54,17.52,2.6,2.6,2.6,0.00E+00,0.00E+00,0.00E+00
405,11:13:39,734.2,125.4,3.02E-04,17.48,17.54,17.49,3.2,3.2,3.2,0.00E+00,0.00E+00,0.00E+00
407,11:13:40,734.2,135.0,2.88E-04,17.48,17.52,17.49,0.6,0.6,0.6,0.00E+00,0.00E+00,0.00E+00
411,11:13:43,734.2,117.2,2.75E-04,17.51,17.54,17.52,2.4,2.4,2.4,0.00E+00,0.00E+00,0.00E+00
412,11:13:44,734.2,118.6,3.02E-04,17.50,17.54,17.50,2.1,2.1,2.1,0.00E+00,0.00E+00,0.00E+00
413,11:13:45,734.2,118.2,2.95E-04,17.48,17.50,17.48,0.6,3.9,2.2,0.00E+00,0.00E+00,0.00E+00
415,11:13:46,734.2,115.8,3.02E-04,17.48,17.50,17.48,2.5,2.5,2.5,0.00E+00,0.00E+00,0.00E+00
417,11:13:48,734.2,107.2,2.82E-04,17.48,17.53,17.51,4.1,4.1,4.1,0.00E+00,0.00E+00,0.00E+00
424,11:13:52,135.2,135.2,2.88E-04,17.52,17.53,17.52,2.2,2.2,2.2,0.00E+00,0.00E+00,0.00E+00
425,11:13:53,734.2,96.0,2.88E-04,17.52,17.52,17.52,1.9,1.9,1.9,0.00E+00,0.00E+00,0.00E+00
426,11:13:54,734.2,119.6,2.95E-04,17.50,17.52,17.50,2.0,2.0,2.0,0.00E+00,0.00E+00,0.00E+00
429,11:13:55,734.2,117.0,2.88E-04,17.49,17.52,17.50,4.2,4.2,4.2,0.00E+00,0.00E+00,0.00E+00
430,11:13:56,734.2,149.2,2.88E-04,17.52,17.52,17.52,1.5,1.5,1.5,0.00E+00,0.00E+00,0.00E+00
432,11:13:58,734.2,109.6,2.88E-04,17.52,17.52,17.52,3.6,3.6,3.6,0.00E+00,0.00E+00,0.00E+00
435,11:14:00,734.2,106.6,2.88E-04,17.48,17.52,17.50,2.5,2.5,2.5,0.00E+00,0.00E+00,0.00E+00
436,11:14:00,734.2,125.4,2.82E-04,17.52,17.52,17.52,0.1,0.1,0.1,0.00E+00,0.00E+00,0.00E+00
438,11:14:02,734.2,113.6,2.95E-04,17.51,17.52,17.51,3.0,3.0,3.0,0.00E+00,0.00E+00,0.00E+00
439,11:14:03,734.2,128.4,2.95E-04,17.51,17.51,17.51,1.9,1.9,1.9,0.00E+00,0.00E+00,0.00E+00
442,11:14:05,734.2,134.2,2.82E-04,17.51,17.55,17.54,3.0,3.0,3.0,0.00E+00,0.00E+00,0.00E+00
443,11:14:05,734.2,85.8,2.82E-04,17.54,17.54,17.54,2.1,2.1,2.1,0.00E+00,0.00E+00,0.00E+00
446,11:14:07,734.2,118.9,2.95E-04,17.51,17.54,17.51,0.8,1.9,1.3,0.00E+00,0.00E+00,0.00E+00
450,11:14:10,734.2,146.2,2.82E-04,17.51,17.54,17.52,1.5,1.5,1.5,0.00E+00,0.00E+00,0.00E+00
451,11:14:11,734.2,150.4,2.75E-04,17.55,17.55,17.55,5.9,5.9,5.9,0.00E+00,0.00E+00,0.00E+00
454,11:14:12,734.2,121.4,2.88E-04,17.50,17.55,17.51,2.4,2.7,2.5,0.00E+00,0.00E+00,0.00E+00
455,11:14:13,734.2,108.8,2.88E-04,17.52,17.52,17.52,5.9,5.9,5.9,0.00E+00,0.00E+00,0.00E+00
458,11:14:15,734.2,111.8,2.95E-04,17.50,17.52,17.50,2.9,2.9,2.9,0.00E+00,0.00E+00,0.00E+00
462,11:14:18,734.2,138.4,2.88E-04,17.49,17.51,17.49,3.2,3.2,3.2,0.00E+00,0.00E+00,0.00E+00
463,11:14:18,734.2,139.4,2.82E-04,17.51,17.53,17.52,5.6,5.6,5.6,0.00E+00,0.00E+00,0.00E+00
466,11:14:20,734.2,127.7,2.95E-04,17.50,17.54,17.51,1.6,2.2,1.9,0.00E+00,0.00E+00,0.00E+00
470,11:14:23,734.2,131.2,2.69E-04,17.50,17.56,17.53,1.5,1.5,1.5,0.00E+00,0.00E+00,0.00E+00
471,11:14:24,734.2,134.0,2.69E-04,17.57,17.57,17.57,5.4,5.4,5.4,0.00E+00,0.00E+00,0.00E+00
472,11:14:25,734.2,111.2,2.75E-04,17.55,17.57,17.55,1.4,1.4,1.4,0.00E+00,0.00E+00,0.00E+00
475,11:14:26,126.4,126.4,2.82E-04,17.51,17.55,17.52,3.0,3.0,3.0,0.00E+00,0.00E+00,0.00E+00
476,11:14:27,734.2,112.8,2.88E-04,17.52,17.53,17.52,2.9,2.9,2.9,0.00E+00,0.00E+00,0.00E+00
483,11:14:31,734.2,132.8,2.69E-04,17.52,17.56,17.54,0.2,0.2,0.2,0.00E+00,0.00E+00,0.00E+00
485,11:14:33,734.2,135.4,2.82E-04,17.53,17.57,17.56,3.2,3.2,3.2,0.00E+00,0.00E+00,0.00E+00
486,11:14:34,734.2,103.2,2.82E-04,17.53,17.53,17.53,3.2,3.2,3.2,0.00E+00,0.00E+00,0.00E+00
489,11:14:35,734.2,94.8,2.88E-04,17.52,17.53,17.52,5.1,5.1,5.1,0.00E+00,0.00E+00,0.00E+00
490,11:14:36,734.2,94.8,2.75E-04,17.52,17.55,17.54,3.2,3.2,3.2,0.00E+00,0.00E+00,0.00E+00
493,11:14:38,734.2,105.2,2.82E-04,17.54,17.55,17.54,0.8,3.4,2.1,0.00E+00,0.00E+00,0.00E+00
497,11:14:41,734.2,116.8,2.69E-04,17.53,17.56,17.54,2.5,2.5,2.5,0.00E+00,0.00E+00,0.00E+00
498,11:14:42,734.2,121.6,2.69E-04,17.56,17.56,17.56,1.5,1.5,1.5,0.00E+00,0.00E+00,0.00E+00
501,11:14:43,734.2,110.3,2.82E-04,17.54,17.56,17.54,1.6,4.6,3.1,0.00E+00,0.00E+00,0.00E+00
502,11:14:44,734.2,113.0,2.88E-04,17.52,17.54,17.52,1.8,1.8,1.8,0.00E+00,0.00E+00,0.00E+00
504,11:14:46,734.2,142.2,2.82E-04,17.52,17.54,17.52,0.8,0.8,0.8,0.00E+00,0.00E+00,0.00E+00
508,11:14:49,109.2,109.2,2.88E-04,17.51,17.54,17.51,1.9,1.9,1.9,0.00E+00,0.00E+00,0.00E+00
510,11:14:50,734.2,114.0,2.75E-04,17.51,17.55,17.54,4.8,4.8,4.8,0.00E+00,0.00E+00,0.00E+00
514,11:14:52,734.2,122.8,2.82E-04,17.53,17.57,17.55,2.5,2.5,2.5,0.00E+00,0.00E+00,0.00E+00
515,11:14:53,734.2,114.0,2.88E-04,17.52,17.53,17.52,2.2,2.2,2.2,0.00E+00,0.00E+00,0.00E+00
517,11:14:55,734.2,101.6,2.88E-04,17.52,17.52,17.52,0.2,0.2,0.2,0.00E+00,0.00E+00,0.00E+00
519,11:14:56,734.2,119.4,2.88E-04,17.52,17.53,17.52,5.3,5.3,5.3,0.00E+00,0.00E+00,0.00E+00
524,11:14:59,734.2,130.2,2.82E-04,17.52,17.54,17.53,0.7,0.7,0.7,0.00E+00,0.00E+00,0.00E+00
528,11:15:01,734.2,112.6,2.88E-04,17.52,17.56,17.53,2.5,3.9,3.2,0.00E+00,0.00E+00,0.00E+00
530,11:15:03,734.2,174.8,2.82E-04,17.52,17.53,17.52,5.3,5.3,5.3,0.00E+00,0.00E+00,0.00E+00
532,11:15:04,734.2,111.4,2.69E-04,17.53,17.56,17.55,1.9,4.4,3.1,0.00E+00,0.00E+00,0.00E+00
536,11:15:07,734.2,121.8,2.88E-04,17.51,17.56,17.52,4.5,4.5,4.5,0.00E+00,0.00E+00,0.00E+00
537,11:15:07,734.2,157.0,2.88E-04,17.51,17.52,17.51,2.7,2.7,2.7,0.00E+00,0.00E+00,0.00E+00
539,11:15:09,734.2,124.4,2.75E-04,17.52,17.54,17.52,3.9,3.9,3.9,0.00E+00,0.00E+00,0.00E+00
540,11:15:10,734.2,110.0,2.75E-04,17.54,17.54,17.54,0.9,0.9,0.9,0.00E+00,0.00E+00,0.00E+00
541,11:15:10,734.2,116.2,2.75E-04,17.54,17.55,17.54,3.1,3.1,3.1,0.00E+00,0.00E+00,0.00E+00
542,11:15:11,734.2,131.2,2.82E-04,17.53,17.55,17.53,5.5,5.5,5.5,0.00E+00,0.00E+00,0.00E+00
545,11:15:13,734.2,144.7,2.82E-04,17.53,17.54,17.53,0.2,3.6,1.9,0.00E+00,0.00E+00,0.00E+00
549,11:15:16,734.2,121.2,2.88E-04,17.53,17.55,17.54,3.2,3.2,3.2,0.00E+00,0.00E+00,0.00E+00
550,11:15:16,734.2,121.0,2.95E-04,17.50,17.53,17.50,1.5,1.5,1.5,0.00E+00,0.00E+00,0.00E+00
552,11:15:18,734.2,110.6,2.88E-04,17.50,17.52,17.51,2.5,2.5,2.5,0.00E+00,0.00E+00,0.00E+00
553,11:15:19,734.2,164.4,2.88E-04,17.52,17.52,17.52,3.9,3.9,3.9,0.00E+00,0.00E+00,0.00E+00
556,11:15:21,734.2,120.0,2.82E-04,17.52,17.54,17.53,2.6,2.6,2.6,0.00E+00,0.00E+00,0.00E+00
557,11:15:21,734.2,118.6,2.88E-04,17.52,17.53,17.52,4.2,4.2,4.2,0.00E+00,0.00E+00,0.00E+00
560,11:15:23,734.2,116.3,2.75E-04,17.52,17.55,17.54,1.5,3.5,2.5,0.00E+00,0.00E+00,0.00E+00
564,11:15:26,193.2,193.2,2.95E-04,17.51,17.51,17.51,4.8,4.8,4.8,0.00E+00,0.00E+00,0.00E+00
565,11:15:27,734.2,121.2,2.95E-04,17.51,17.51,17.51,4.2,4.2,4.2,0.00E+00,0.00E+00,0.00E+00
566,11:15:28,734.2,155.5,2.82E-04,17.51,17.53,17.52,0.9,5.9,3.4,0.00E+00,0.00E+00,0.00E+00
573,11:15:32,734.2,92.8,2.82E-04,17.52,17.55,17.54,3.9,6.2,5.0,0.00E+00,0.00E+00,0.00E+00
577,11:15:35,734.2,132.2,2.88E-04,17.51,17.55,17.52,0.3,0.3,0.3,0.00E+00,0.00E+00,0.00E+00
578,11:15:36,734.2,91.0,2.95E-04,17.50,17.50,17.50,2.5,2.5,2.5,0.00E+00,0.00E+00,0.00E+00
581,11:15:37,734.2,93.0,2.69E-04,17.50,17.57,17.55,3.8,4.4,4.1,0.00E+00,0.00E+00,0.00E+00
582,11:15:38,734.2,109.0,2.82E-04,17.54,17.57,17.54,0.8,0.8,0.8,0.00E+00,0.00E+00,0.00E+00
585,11:15:40,734.2,114.0,2.88E-04,17.52,17.54,17.52,0.6,3.1,1.8,0.00E+00,0.00E+00,0.00E+00
589,11:15:43,98.2,98.2,2.95E-04,17.50,17.52,17.50,2.3,2.3,2.3,0.00E+00,0.00E+00,0.00E+00
590,11:15:43,734.2,113.4,2.95E-04,17.50,17.51,17.50,5.5,5.5,5.5,0.00E+00,0.00E+00,0.00E+00
593,11:15:45,734.2,116.6,2.88E-04,17.50,17.52,17.51,3.5,3.6,3.5,0.00E+00,0.00E+00,0.00E+00
595,11:15:47,734.2,131.4,2.95E-04,17.51,17.52,17.51,1.4,1.4,1.4,0.00E+00,0.00E+00,0.00E+00
597,11:15:48,734.2,113.0,3.02E-04,17.49,17.51,17.50,3.4,3.4,3.4,0.00E+00,0.00E+00,0.00E+00
600,11:15:50,734.2,126.2,2.95E-04,17.49,17.51,17.50,1.0,1.0,1.0,0.00E+00,0.00E+00,0.00E+00
603,11:15:52,734.2,131.4,2.82E-04,17.51,17.53,17.51,5.2,5.2,5.2,0.00E+00,0.00E+00,0.00E+00
604,11:15:53,734.2,113.6,2.82E-04,17.53,17.53,17.53,2.5,2.5,2.5,0.00E+00,0.00E+00,0.00E+00
605,11:15:54,734.2,104.4,2.82E-04,17.53,17.53,17.53,0.0,0.0,0.0,0.00E+00,0.00E+00,0.00E+00
608,11:15:55,734.2,120.8,2.95E-04,17.50,17.53,17.50,3.2,3.2,3.2,0.00E+00,0.00E+00,0.00E+00
609,11:15:56,734.2,143.0,2.75E-04,17.51,17.54,17.53,2.7,2.7,2.7,0.00E+00,0.00E+00,0.00E+00
612,11:15:58,734.2,112.3,3.09E-04,17.47,17.54,17.48,2.9,6.9,4.9,0.00E+00,0.00E+00,0.00E+00
614,11:16:00,734.2,110.0,2.82E-04,17.47,17.53,17.51,3.3,3.3,3.3,0.00E+00,0.00E+00,0.00E+00
615,11:16:00,734.2,104.2,2.82E-04,17.53,17.53,17.53,2.0,2.0,2.0,0.00E+00,0.00E+00,0.00E+00
617,11:16:02,734.2,116.0,2.88E-04,17.51,17.53,17.52,4.9,4.9,4.9,0.00E+00,0.00E+00,0.00E+00
618,11:16:03,734.2,128.4,2.88E-04,17.51,17.51,17.51,3.9,3.9,3.9,0.00E+00,0.00E+00,0.00E+00
621,11:16:04,734.2,125.2,2.88E-04,17.51,17.52,17.51,0.7,0.7,0.7,0.00E+00,0.00E+00,0.00E+00
622,11:16:05,734.2,152.4,2.95E-04,17.50,17.51,17.50,4.8,4.8,4.8,0.00E+00,0.00E+00,0.00E+00
624,11:16:07,734.2,129.4,2.95E-04,17.50,17.50,17.50,1.9,1.9,1.9,0.00E+00,0.00E+00,0.00E+00
627,11:16:09,734.2,115.7,2.82E-04,17.50,17.54,17.53,4.2,4.6,4.4,0.00E+00,0.00E+00,0.00E+00
628,11:16:09,734.2,100.8,2.82E-04,17.53,17.54,17.53,5.3,5.3,5.3,0.00E+00,0.00E+00,0.00E+00
630,11:16:11,734.2,148.0,2.88E-04,17.52,17.53,17.52,3.1,3.1,3.1,0.00E+00,0.00E+00,0.00E+00
631,11:16:11,734.2,126.0,2.88E-04,17.53,17.53,17.53,1.3,1.3,1.3,0.00E+00,0.00E+00,0.00E+00
634,11:16:13,734.2,105.4,2.75E-04,17.52,17.55,17.53,3.2,3.2,3.2,0.00E+00,0.00E+00,0.00E+00
635,11:16:14,734.2,99.2,2.82E-04,17.53,17.55,17.53,2.5,2.5,2.5,0.00E+00,0.00E+00,0.00E+00
638,11:16:16,734.2,116.2,2.82E-04,17.52,17.54,17.53,0.5,2.5,1.5,0.00E+00,0.00E+00,0.00E+00
642,11:16:19,734.2,124.6,2.95E-04,17.51,17.54,17.52,2.6,2.6,2.6,0.00E+00,0.00E+00,0.00E+00
643,11:16:19,734.2,127.0,2.82E-04,17.51,17.53,17.52,5.3,5.3,5.3,0.00E+00,0.00E+00,0.00E+00
646,11:16:21,734.2,138.9,2.88E-04,17.52,17.53,17.52,2.5,5.6,4.0,0.00E+00,0.00E+00,0.00E+00
650,11:16:24,126.0,126.0,2.95E-04,17.51,17.51,17.51,2.9,2.9,2.9,0.00E+00,0.00E+00,0.00E+00
651,11:16:25,734.2,135.8,2.95E-04,17.51,17.51,17.51,3.3,3.3,3.3,0.00E+00,0.00E+00,0.00E+00
653,11:16:26,734.2,113.6,2.88E-04,17.51,17.52,17.51,1.9,4.1,3.0,0.00E+00,6.89E-09,1.91E-10
655,11:16:27,734.2,150.0,2.95E-04,17.51,17.51,17.51,2.1,2.1,2.1,0.00E+00,0.00E+00,0.00E+00
660,11:16:30,734.2,75.5,2.88E-04,17.51,17.54,17.52,2.2,2.9,2.5,0.00E+00,0.00E+00,0.00E+00
662,11:16:32,734.2,144.8,2.88E-04,17.52,17.52,17.52,1.5,1.5,1.5,0.00E+00,0.00E+00,0.00E+00
664,11:16:33,734.2,116.4,2.69E-04,17.52,17.56,17.55,1.9,5.0,3.4,0.00E+00,0.00E+00,0.00E+00
668,11:16:36,734.2,134.6,2.82E-04,17.53,17.56,17.53,3.5,3.5,3.5,0.00E+00,0.00E+00,0.00E+00
669,11:16:36,734.2,112.0,2.82E-04,17.53,17.54,17.53,3.9,3.9,3.9,0.00E+00,0.00E+00,0.00E+00
672,11:16:38,734.2,134.8,2.82E-04,17.53,17.54,17.53,1.3,3.9,2.6,0.00E+00,0.00E+00,0.00E+00
674,11:16:40,734.2,148.2,2.75E-04,17.53,17.54,17.53,0.9,0.9,0.9,0.00E+00,0.00E+00,0.00E+00
676,11:16:41,734.2,130.8,2.82E-04,17.54,17.55,17.54,1.5,2.9,2.2,0.00E+00,0.00E+00,0.00E+00
680,11:16:44,734.2,131.6,2.82E-04,17.53,17.54,17.53,3.7,3.7,3.7,0.00E+00,0.00E+00,0.00E+00
681,11:16:44,734.2,124.4,2.88E-04,17.52,17.53,17.52,2.6,2.6,2.6,0.00E+00,0.00E+00,0.00E+00
682,11:16:45,734.2,107.6,2.75E-04,17.52,17.55,17.54,0.2,0.2,0.2,0.00E+00,0.00E+00,0.00E+00
684,11:16:47,734.2,105.6,2.69E-04,17.54,17.56,17.55,0.2,2.9,1.5,0.00E+00,0.00E+00,0.00E+00
685,11:16:48,734.2,112.2,2.88E-04,17.52,17.56,17.52,4.5,4.5,4.5,0.00E+00,0.00E+00,0.00E+00
688,11:16:50,734.2,119.8,2.88E-04,17.51,17.52,17.51,3.6,3.6,3.6,0.00E+00,0.00E+00,0.00E+00
689,11:16:51,734.2,120.2,2.82E-04,17.52,17.54,17.52,3.8,3.8,3.8,0.00E+00,0.00E+00,0.00E+00
694,11:16:54,734.2,106.4,3.02E-04,17.49,17.54,17.51,0.3,1.3,0.8,0.00E+00,0.00E+00,0.00E+00
696,11:16:55,734.2,116.8,2.95E-04,17.49,17.51,17.50,0.6,0.6,0.6,0.00E+00,0.00E+00,0.00E+00
700,11:16:58,734.2,126.4,2.88E-04,17.51,17.52,17.51,1.9,1.9,1.9,0.00E+00,0.00E+00,0.00E+00
701,11:16:59,734.2,126.4,2.88E-04,17.52,17.52,17.52,3.2,3.2,3.2,0.00E+00,0.00E+00,0.00E+00
703,11:17:00,734.2,130.0,2.75E-04,17.52,17.55,17.54,2.5,4.6,3.5,0.00E+00,0.00E+00,0.00E+00
707,11:17:03,734.2,135.6,2.82E-04,17.52,17.55,17.53,3.1,3.1,3.1,0.00E+00,0.00E+00,0.00E+00
708,11:17:03,734.2,105.6,2.82E-04,17.53,17.53,17.53,1.9,1.9,1.9,0.00E+00,0.00E+00,0.00E+00
711,11:17:05,734.2,161.3,2.69E-04,17.53,17.57,17.56,1.9,5.6,3.7,0.00E+00,0.00E+00,0.00E+00
713,11:17:07,734.2,113.2,2.69E-04,17.56,17.57,17.56,2.7,2.7,2.7,0.00E+00,0.00E+00,0.00E+00
714,11:17:08,734.2,118.4,2.88E-04,17.52,17.56,17.52,4.5,4.5,4.5,0.00E+00,0.00E+00,0.00E+00
717,11:17:09,734.2,105.8,2.75E-04,17.52,17.55,17.54,3.1,4.7,3.9,0.00E+00,0.00E+00,0.00E+00
718,11:17:10,734.2,126.4,2.82E-04,17.54,17.55,17.54,5.0,5.0,5.0,0.00E+00,0.00E+00,0.00E+00
721,11:17:12,734.2,104.2,2.75E-04,17.53,17.55,17.54,0.9,4.1,2.5,0.00E+00,0.00E+00,0.00E+00
725,11:17:15,734.2,102.6,2.88E-04,17.52,17.55,17.53,3.9,3.9,3.9,0.00E+00,0.00E+00,0.00E+00
726,11:17:15,734.2,132.6,2.82E-04,17.52,17.53,17.52,1.8,1.8,1.8,0.00E+00,0.00E+00,0.00E+00
728,11:17:17,734.2,123.6,2.88E-04,17.52,17.53,17.52,4.6,4.6,4.6,0.00E+00,0.00E+00,0.00E+00
729,11:17:18,734.2,100.4,2.88E-04,17.52,17.52,17.52,3.9,3.9,3.9,0.00E+00,0.00E+00,0.00E+00
732,11:17:20,734.2,119.0,2.82E-04,17.52,17.54,17.52,3.7,3.7,3.7,0.00E+00,0.00E+00,0.00E+00
733,11:17:20,734.2,122.0,2.95E-04,17.50,17.54,17.50,3.1,3.1,3.1,0.00E+00,0.00E+00,0.00E+00
736,11:17:22,734.2,123.3,2.82E-04,17.50,17.54,17.53,0.2,0.9,0.5,0.00E+00,0.00E+00,0.00E+00
740,11:17:25,734.2,118.4,2.82E-04,17.50,17.54,17.51,5.2,5.2,5.2,0.00E+00,0.00E+00,0.00E+00
741,11:17:26,734.2,138.4,2.82E-04,17.54,17.54,17.54,1.0,1.0,1.0,0.00E+00,0.00E+00,0.00E+00
743,11:17:27,734.2,126.1,2.75E-04,17.54,17.56,17.55,2.2,2.3,2.2,0.00E+00,0.00E+00,0.00E+00
751,11:17:32,734.2,126.4,2.82E-04,17.49,17.56,17.50,2.3,2.3,2.3,0.00E+00,0.00E+00,0.00E+00
753,11:17:33,734.2,134.4,2.82E-04,17.52,17.53,17.52,6.6,6.6,6.6,0.00E+00,0.00E+00,0.00E+00
754,11:17:34,734.2,97.0,2.69E-04,17.56,17.56,17.56,1.6,1.6,1.6,0.00E+00,0.00E+00,0.00E+00
757,11:17:36,734.2,107.4,2.82E-04,17.53,17.56,17.53,0.0,5.2,2.6,0.00E+00,0.00E+00,0.00E+00
761,11:17:39,734.2,120.2,2.88E-04,17.52,17.53,17.52,1.9,1.9,1.9,0.00E+00,0.00E+00,0.00E+00
762,11:17:39,734.2,147.2,2.82E-04,17.54,17.54,17.54,1.7,1.7,1.7,0.00E+00,0.00E+00,0.00E+00
765,11:17:41,734.2,110.6,2.82E-04,17.53,17.54,17.53,2.2,2.3,2.2,0.00E+00,0.00E+00,0.00E+00
766,11:17:42,734.2,139.0,2.82E-04,17.54,17.54,17.54,0.1,0.1,0.1,0.00E+00,0.00E+00,0.00E+00
769,11:17:44,92.4,92.4,2.88E-04,17.52,17.52,17.52,2.2,5.6,3.9,0.00E+00,0.00E+00,0.00E+00
771,11:17:47,734.2,131.6,2.82E-04,17.52,17.55,17.54,2.7,2.7,2.7,0.00E+00,0.00E+00,0.00E+00
772,11:17:49,734.2,119.4,2.95E-04,17.47,17.54,17.49,0.8,2.5,1.6,0.00E+00,0.00E+00,0.00E+00
773,11:17:50,734.2,96.6,2.88E-04,17.51,17.51,17.51,0.3,0.3,0.3,0.00E+00,0.00E+00,0.00E+00
781,11:17:54,734.2,109.5,2.88E-04,17.50,17.53,17.51,0.5,1.7,1.1,0.00E+00,0.00E+00,0.00E+00
783,11:17:56,734.2,106.4,2.88E-04,17.51,17.51,17.51,1.6,1.6,1.6,0.00E+00,0.00E+00,0.00E+00
784,11:17:56,734.2,110.0,2.88E-04,17.51,17.52,17.51,2.8,2.8,2.8,0.00E+00,0.00E+00,0.00E+00
786,11:17:58,734.2,109.0,2.95E-04,17.49,17.52,17.49,1.0,1.0,1.0,0.00E+00,0.00E+00,0.00E+00
787,11:17:59,734.2,112.6,2.95E-04,17.50,17.50,17.50,2.0,2.0,2.0,0.00E+00,0.00E+00,0.00E+00
790,11:18:01,734.2,123.2,2.88E-04,17.50,17.52,17.51,1.0,1.0,1.0,0.00E+00,0.00E+00,0.00E+00
791,11:18:01,734.2,97.6,3.02E-04,17.49,17.52,17.49,4.3,4.3,4.3,0.00E+00,0.00E+00,0.00E+00
793,11:18:03,734.2,143.0,2.95E-04,17.49,17.52,17.51,5.2,5.2,5.2,0.00E+00,0.00E+00,0.00E+00
794,11:18:04,734.2,92.0,2.95E-04,17.50,17.50,17.50,0.2,0.2,0.2,0.00E+00,0.00E+00,0.00E+00
797,11:18:06,734.2,119.0,2.88E-04,17.50,17.52,17.51,1.8,1.8,1.8,0.00E+00,0.00E+00,0.00E+00
798,11:18:06,734.2,97.2,3.02E-04,17.50,17.50,17.50,0.8,0.8,0.8,0.00E+00,0.00E+00,0.00E+00
801,11:18:08,734.2,87.2,2.88E-04,17.50,17.52,17.51,1.9,5.2,3.5,0.00E+00,0.00E+00,0.00E+00
805,11:18:11,734.2,120.6,3.02E-04,17.49,17.52,17.50,2.4,2.4,2.4,0.00E+00,0.00E+00,0.00E+00
806,11:18:12,734.2,136.0,3.02E-04,17.49,17.49,17.49,0.7,0.7,0.7,0.00E+00,0.00E+00,0.00E+00
807,11:18:12,734.2,132.8,2.88E-04,17.49,17.52,17.51,2.3,2.3,2.3,0.00E+00,0.00E+00,0.00E+00
810,11:18:14,734.2,116.8,2.88E-04,17.50,17.53,17.51,2.0,2.0,2.0,0.00E+00,0.00E+00,0.00E+00
812,11:18:16,734.2,116.8,2.95E-04,17.50,17.53,17.50,3.9,3.9,3.9,0.00E+00,0.00E+00,0.00E+00
814,11:18:17,734.2,117.2,2.82E-04,17.50,17.53,17.52,2.7,3.3,3.0,0.00E+00,0.00E+00,0.00E+00
818,11:18:20,734.2,117.0,2.88E-04,17.51,17.53,17.51,2.8,2.8,2.8,0.00E+00,0.00E+00,0.00E+00
819,11:18:20,734.2,113.8,3.02E-04,17.49,17.49,17.49,2.8,2.8,2.8,0.00E+00,0.00E+00,0.00E+00
822,11:18:22,734.2,111.5,2.82E-04,17.49,17.53,17.51,1.0,5.0,3.0,0.00E+00,0.00E+00,0.00E+00
826,11:18:25,734.2,124.8,2.95E-04,17.50,17.53,17.51,1.5,1.5,1.5,0.00E+00,0.00E+00,0.00E+00
827,11:18:26,734.2,108.8,2.95E-04,17.51,17.51,17.51,4.1,4.1,4.1,0.00E+00,0.00E+00,0.00E+00
828,11:18:27,734.2,132.8,2.88E-04,17.50,17.51,17.50,1.4,1.9,1.6,0.00E+00,0.00E+00,0.00E+00
830,11:18:28,734.2,108.8,2.88E-04,17.51,17.52,17.51,1.2,1.2,1.2,0.00E+00,0.00E+00,0.00E+00
837,11:18:33,172.2,117.8,2.88E-04,17.52,17.52,17.52,2.2,4.5,3.3,0.00E+00,0.00E+00,0.00E+00
839,11:18:34,734.2,140.8,2.88E-04,17.51,17.52,17.51,2.4,2.4,2.4,0.00E+00,0.00E+00,0.00E+00
843,11:18:36,734.2,110.6,2.88E-04,17.51,17.53,17.52,2.9,2.9,2.9,0.00E+00,0.00E+00,0.00E+00
844,11:18:37,734.2,128.2,2.88E-04,17.52,17.52,17.52,3.1,3.1,3.1,0.00E+00,0.00E+00,0.00E+00
847,11:18:39,734.2,106.0,3.02E-04,17.49,17.53,17.50,1.7,3.1,2.4,0.00E+00,0.00E+00,0.00E+00
849,11:18:41,734.2,98.8,3.02E-04,17.48,17.49,17.48,2.8,2.8,2.8,0.00E+00,0.00E+00,0.00E+00
851,11:18:42,734.2,118.4,2.88E-04,17.48,17.52,17.50,3.2,3.2,3.2,0.00E+00,0.00E+00,0.00E+00
852,11:18:43,734.2,137.6,2.88E-04,17.52,17.52,17.52,2.9,2.9,2.9,0.00E+00,0.00E+00,0.00E+00
855,11:18:45,734.2,122.2,2.75E-04,17.52,17.55,17.53,1.9,1.9,1.9,0.00E+00,0.00E+00,0.00E+00
856,11:18:45,734.2,127.8,2.88E-04,17.53,17.55,17.53,2.9,2.9,2.9,0.00E+00,0.00E+00,0.00E+00
858,11:18:47,734.2,146.0,3.02E-04,17.50,17.53,17.52,4.5,4.5,4.5,0.00E+00,0.00E+00,0.00E+00
862,11:18:49,734.2,128.2,2.82E-04,17.49,17.53,17.50,1.2,1.2,1.2,0.00E+00,0.00E+00,0.00E+00
865,11:18:51,734.2,121.4,2.82E-04,17.53,17.54,17.53,3.1,4.6,3.8,0.00E+00,0.00E+00,0.00E+00
867,11:18:53,734.2,138.6,2.88E-04,17.52,17.54,17.52,2.7,2.7,2.7,0.00E+00,0.00E+00,0.00E+00
870,11:18:55,734.2,109.2,2.82E-04,17.51,17.53,17.52,2.4,2.4,2.4,0.00E+00,0.00E+00,0.00E+00
871,11:18:55,734.2,106.2,2.82E-04,17.54,17.54,17.54,2.2,2.2,2.2,0.00E+00,0.00E+00,0.00E+00
874,11:18:57,734.2,113.0,2.82E-04,17.53,17.54,17.53,2.5,3.2,2.8,0.00E+00,0.00E+00,0.00E+00
875,11:18:58,734.2,125.4,2.82E-04,17.53,17.54,17.53,3.8,3.8,3.8,0.00E+00,0.00E+00,0.00E+00
878,11:19:00,146.6,146.6,2.88E-04,17.52,17.54,17.53,1.2,2.9,2.0,0.00E+00,0.00E+00,0.00E+00
882,11:19:03,734.2,112.8,2.82E-04,17.52,17.53,17.52,4.5,4.5,4.5,0.00E+00,0.00E+00,0.00E+00
883,11:19:03,734.2,113.8,2.75E-04,17.53,17.54,17.53,0.0,0.0,0.0,0.00E+00,0.00E+00,0.00E+00
885,11:19:05,734.2,124.8,2.75E-04,17.54,17.57,17.56,5.9,5.9,5.9,0.00E+00,0.00E+00,0.00E+00
886,11:19:06,734.2,148.0,2.75E-04,17.55,17.55,17.55,5.6,5.6,5.6,0.00E+00,0.00E+00,0.00E+00
889,11:19:08,734.2,104.6,2.75E-04,17.51,17.55,17.53,2.5,2.5,2.5,0.00E+00,0.00E+00,0.00E+00
890,11:19:09,734.2,90.0,2.82E-04,17.54,17.55,17.54,4.2,4.2,4.2,0.00E+00,0.00E+00,0.00E+00
891,11:19:10,734.2,110.6,2.88E-04,17.52,17.54,17.52,1.1,1.1,1.1,0.00E+00,0.00E+00,0.00E+00
892,11:19:11,734.2,94.6,2.88E-04,17.52,17.52,17.52,1.7,1.7,1.7,0.00E+00,0.00E+00,0.00E+00
895,11:19:13,734.2,115.4,2.88E-04,17.51,17.52,17.51,3.6,3.6,3.6,0.00E+00,0.00E+00,0.00E+00
896,11:19:14,734.2,109.2,2.95E-04,17.50,17.50,17.50,0.8,0.8,0.8,0.00E+00,0.00E+00,0.00E+00
898,11:19:15,734.2,138.4,2.88E-04,17.50,17.53,17.52,2.9,4.6,3.7,0.00E+00,0.00E+00,0.00E+00
900,11:19:16,734.2,111.2,2.95E-04,17.49,17.52,17.49,1.2,1.2,1.2,0.00E+00,0.00E+00,0.00E+00
902,11:19:18,734.2,114.8,2.82E-04,17.49,17.55,17.54,3.7,3.7,3.7,0.00E+00,0.00E+00,0.00E+00
903,11:19:19,734.2,108.8,2.82E-04,17.54,17.54,17.54,3.3,3.3,3.3,0.00E+00,0.00E+00,0.00E+00
906,11:19:21,734.2,119.6,2.75E-04,17.54,17.54,17.54,3.5,3.5,3.5,0.00E+00,0.00E+00,0.00E+00
907,11:19:21,734.2,139.2,2.75E-04,17.54,17.56,17.55,1.2,1.2,1.2,0.00E+00,0.00E+00,0.00E+00
910,11:19:23,734.2,136.3,2.82E-04,17.53,17.56,17.53,2.4,4.9,3.6,0.00E+00,0.00E+00,0.00E+00
914,11:19:26,107.8,107.8,2.88E-04,17.52,17.52,17.52,0.8,0.8,0.8,0.00E+00,0.00E+00,0.00E+00
915,11:19:27,734.2,156.0,2.82E-04,17.54,17.54,17.54,4.4,4.4,4.4,0.00E+00,0.00E+00,0.00E+00
916,11:19:28,734.2,129.4,2.88E-04,17.52,17.54,17.52,5.0,5.0,5.0,0.00E+00,0.00E+00,0.00E+00
923,11:19:32,734.2,128.8,2.88E-04,17.50,17.52,17.51,1.9,3.6,2.7,0.00E+00,0.00E+00,0.00E+00
927,11:19:35,734.2,141.2,2.88E-04,17.51,17.54,17.52,2.7,2.7,2.7,0.00E+00,0.00E+00,0.00E+00
928,11:19:35,734.2,169.0,2.88E-04,17.51,17.51,17.51,3.3,3.3,3.3,0.00E+00,0.00E+00,0.00E+00
931,11:19:37,734.2,108.8,2.69E-04,17.51,17.56,17.54,1.7,4.2,2.9,0.00E+00,0.00E+00,0.00E+00
933,11:19:39,734.2,136.8,2.82E-04,17.53,17.56,17.53,1.9,1.9,1.9,0.00E+00,0.00E+00,0.00E+00
935,11:19:40,734.2,123.2,2.75E-04,17.51,17.55,17.53,3.5,4.7,4.1,0.00E+00,0.00E+00,0.00E+00
939,11:19:43,734.2,118.6,2.82E-04,17.54,17.55,17.54,4.2,4.2,4.2,0.00E+00,0.00E+00,0.00E+00
940,11:19:43,734.2,126.0,2.95E-04,17.51,17.54,17.51,5.5,5.5,5.5,0.00E+00,0.00E+00,0.00E+00
943,11:19:45,734.2,145.2,2.88E-04,17.51,17.52,17.51,0.2,2.5,1.3,0.00E+00,0.00E+00,0.00E+00
945,11:19:47,734.2,103.4,2.75E-04,17.52,17.54,17.53,3.1,3.1,3.1,0.00E+00,0.00E+00,0.00E+00
951,11:19:50,734.2,121.4,2.75E-04,17.50,17.55,17.53,2.0,2.2,2.1,0.00E+00,0.00E+00,0.00E+00
953,11:19:51,734.2,157.2,2.88E-04,17.52,17.55,17.52,1.6,1.6,1.6,0.00E+00,0.00E+00,0.00E+00
954,11:19:52,734.2,116.2,2.88E-04,17.52,17.52,17.52,2.1,2.1,2.1,0.00E+00,0.00E+00,0.00E+00
957,11:19:54,734.2,130.5,2.88E-04,17.52,17.52,17.52,2.0,3.9,2.9,0.00E+00,0.00E+00,0.00E+00
961,11:19:57,118.2,118.2,2.88E-04,17.52,17.52,17.52,2.7,2.7,2.7,0.00E+00,0.00E+00,0.00E+00
962,11:19:58,734.2,92.4,2.88E-04,17.52,17.52,17.52,6.5,6.5,6.5,0.00E+00,0.00E+00,0.00E+00
965,11:19:59,734.2,110.0,2.88E-04,17.52,17.53,17.52,0.4,3.3,1.8,0.00E+00,0.00E+00,0.00E+00
966,11:20:00,734.2,136.6,2.75E-04,17.53,17.54,17.53,1.9,1.9,1.9,0.00E+00,0.00E+00,0.00E+00
969,11:20:02,734.2,139.4,2.88E-04,17.52,17.54,17.52,0.5,1.8,1.1,0.00E+00,0.00E+00,0.00E+00
973,11:20:05,734.2,123.8,2.82E-04,17.52,17.54,17.53,2.8,2.8,2.8,0.00E+00,0.00E+00,0.00E+00
974,11:20:05,734.2,128.4,2.82E-04,17.53,17.53,17.53,3.8,3.8,3.8,0.00E+00,0.00E+00,0.00E+00
977,11:20:07,734.2,126.7,2.82E-04,17.52,17.54,17.53,3.9,3.9,3.9,0.00E+00,0.00E+00,0.00E+00
981,11:20:10,164.8,164.8,2.57E-04,17.54,17.59,17.57,1.7,1.7,1.7,0.00E+00,0.00E+00,0.00E+00
982,11:20:11,734.2,131.8,2.75E-04,17.55,17.55,17.55,0.5,0.5,0.5,0.00E+00,0.00E+00,0.00E+00
985,11:20:13,734.2,105.7,2.82E-04,17.54,17.55,17.54,3.3,4.6,3.9,0.00E+00,0.00E+00,0.00E+00
986,11:20:13,734.2,136.6,2.88E-04,17.52,17.54,17.52,3.2,3.2,3.2,0.00E+00,0.00E+00,0.00E+00
989,11:20:15,734.2,135.7,2.82E-04,17.51,17.53,17.52,1.9,3.0,2.4,0.00E+00,0.00E+00,0.00E+00
993,11:20:18,734.2,138.2,2.82E-04,17.53,17.53,17.53,2.5,2.5,2.5,0.00E+00,0.00E+00,0.00E+00
994,11:20:19,734.2,127.0,2.82E-04,17.53,17.53,17.53,0.7,0.7,0.7,0.00E+00,0.00E+00,0.00E+00
997,11:20:20,734.2,126.7,2.75E-04,17.52,17.54,17.53,0.8,3.7,2.2,0.00E+00,0.00E+00,0.00E+00
998,11:20:21,734.2,149.2,2.82E-04,17.53,17.54,17.53,4.7,4.7,4.7,0.00E+00,0.00E+00,0.00E+00
1000,11:20:23,734.2,88.6,2.69E-04,17.53,17.57,17.55,1.7,1.7,1.7,0.00E+00,0.00E+00,0.00E+00
1001,11:20:23,734.2,114.2,2.69E-04,17.57,17.57,17.57,2.0,2.0,2.0,0.00E+00,0.00E+00,0.00E+00
1004,11:20:25,734.2,118.6,2.88E-04,17.52,17.57,17.53,0.0,0.0,0.0,0.00E+00,0.00E+00,0.00E+00
1005,11:20:26,734.2,131.6,2.75E-04,17.52,17.55,17.54,5.8,5.8,5.8,0.00E+00,0.00E+00,0.00E+00
1007,11:20:28,734.2,101.8,2.88E-04,17.53,17.55,17.54,1.0,1.0,1.0,0.00E+00,0.00E+00,0.00E+00
1014,11:20:32,734.2,128.6,2.69E-04,17.52,17.56,17.53,1.6,1.6,1.6,0.00E+00,0.00E+00,0.00E+00
1018,11:20:34,734.2,132.8,2.82E-04,17.53,17.56,17.53,2.9,2.9,2.9,0.00E+00,0.00E+00,0.00E+00
1019,11:20:35,734.2,111.0,2.69E-04,17.53,17.57,17.56,3.9,3.9,3.9,0.00E+00,0.00E+00,0.00E+00
1022,11:20:37,734.2,119.2,2.75E-04,17.55,17.57,17.55,1.6,1.6,1.6,0.00E+00,0.00E+00,0.00E+00
1026,11:20:40,72.4,72.4,2.63E-04,17.58,17.58,17.58,2.9,2.9,2.9,0.00E+00,0.00E+00,0.00E+00
1027,11:20:40,734.2,121.0,2.69E-04,17.57,17.57,17.57,1.5,1.5,1.5,0.00E+00,0.00E+00,0.00E+00
1030,11:20:42,734.2,131.6,2.75E-04,17.56,17.57,17.56,2.5,3.9,3.2,0.00E+00,0.00E+00,0.00E+00
1031,11:20:43,734.2,132.2,2.82E-04,17.53,17.56,17.53,1.6,1.6,1.6,0.00E+00,0.00E+00,0.00E+00
1034,11:20:45,734.2,134.0,2.75E-04,17.53,17.55,17.54,3.7,3.9,3.8,0.00E+00,0.00E+00,0.00E+00
1038,11:20:48,734.2,124.0,2.95E-04,17.50,17.55,17.51,0.8,0.8,0.8,0.00E+00,0.00E+00,0.00E+00
1039,11:20:48,93.2,93.2,2.88E-04,17.50,17.51,17.50,3.5,3.5,3.5,0.00E+00,0.00E+00,0.00E+00
1042,11:20:50,734.2,136.8,2.82E-04,17.53,17.53,17.53,2.1,2.1,2.1,0.00E+00,0.00E+00,0.00E+00
1044,11:20:52,734.2,115.6,2.75E-04,17.53,17.55,17.54,2.8,2.8,2.8,0.00E+00,0.00E+00,0.00E+00
1045,11:20:52,734.2,121.6,2.88E-04,17.53,17.55,17.53,4.0,4.0,4.0,0.00E+00,0.00E+00,0.00E+00
1046,11:20:53,734.2,129.8,2.95E-04,17.51,17.51,17.51,3.4,3.4,3.4,0.00E+00,0.00E+00,0.00E+00
1049,11:20:55,734.2,133.9,2.88E-04,17.51,17.54,17.52,0.9,1.9,1.4,0.00E+00,0.00E+00,0.00E+00
1053,11:20:58,734.2,124.4,2.88E-04,17.51,17.52,17.51,5.2,5.2,5.2,0.00E+00,0.00E+00,0.00E+00
1054,11:20:59,734.2,86.0,2.88E-04,17.52,17.52,17.52,0.1,0.1,0.1,0.00E+00,0.00E+00,0.00E+00
1057,11:21:00,734.2,135.6,2.88E-04,17.52,17.55,17.53,3.9,4.6,4.2,0.00E+00,0.00E+00,0.00E+00
1058,11:21:01,734.2,114.0,2.75E-04,17.53,17.54,17.53,1.9,1.9,1.9,0.00E+00,0.00E+00,0.00E+00
1061,11:21:03,734.2,135.4,2.82E-04,17.54,17.54,17.54,1.2,2.5,1.8,0.00E+00,0.00E+00,0.00E+00
1065,11:21:06,734.2,137.0,2.75E-04,17.54,17.56,17.55,3.2,3.2,3.2,0.00E+00,0.00E+00,0.00E+00
1066,11:21:06,734.2,136.6,2.88E-04,17.52,17.55,17.52,2.8,2.8,2.8,0.00E+00,0.00E+00,0.00E+00
1067,11:21:07,734.2,110.4,2.82E-04,17.52,17.54,17.53,1.5,1.5,1.5,0.00E+00,0.00E+00,0.00E+00
1070,11:21:09,734.2,116.7,2.88E-04,17.53,17.54,17.53,4.2,5.2,4.7,0.00E+00,0.00E+00,0.00E+00
1072,11:21:11,734.2,116.2,2.95E-04,17.51,17.53,17.51,2.7,2.7,2.7,0.00E+00,0.00E+00,0.00E+00
1074,11:21:12,734.2,132.6,2.82E-04,17.51,17.54,17.53,2.6,2.6,2.6,0.00E+00,0.00E+00,0.00E+00
1078,11:21:14,734.2,140.4,2.82E-04,17.53,17.54,17.53,2.9,2.9,2.9,0.00E+00,0.00E+00,0.00E+00
1079,11:21:15,734.2,118.6,2.88E-04,17.52,17.54,17.52,1.9,1.9,1.9,0.00E+00,0.00E+00,0.00E+00
1082,11:21:17,734.2,139.0,2.82E-04,17.52,17.53,17.52,5.5,5.5,5.5,0.00E+00,0.00E+00,0.00E+00
1086,11:21:20,734.2,115.0,2.95E-04,17.51,17.55,17.53,0.7,0.7,0.7,0.00E+00,0.00E+00,0.00E+00
1087,11:21:20,734.2,126.4,2.95E-04,17.51,17.51,17.51,1.2,1.2,1.2,0.00E+00,0.00E+00,0.00E+00
1090,11:21:22,734.2,115.2,2.75E-04,17.51,17.55,17.54,1.9,5.7,3.8,0.00E+00,0.00E+00,0.00E+00
1094,11:21:25,734.2,119.8,2.75E-04,17.52,17.55,17.53,3.2,3.2,3.2,0.00E+00,0.00E+00,0.00E+00
1095,11:21:26,734.2,114.0,2.75E-04,17.55,17.55,17.55,2.2,2.2,2.2,0.00E+00,0.00E+00,0.00E+00
1096,11:21:27,734.2,104.6,2.69E-04,17.55,17.56,17.55,3.9,3.9,3.9,0.00E+00,0.00E+00,0.00E+00
1098,11:21:28,734.2,110.6,2.75E-04,17.55,17.56,17.55,3.2,3.2,3.2,0.00E+00,0.00E+00,0.00E+00
1105,11:21:33,734.2,149.7,2.82E-04,17.52,17.55,17.53,1.5,2.2,1.8,0.00E+00,0.00E+00,0.00E+00
1107,11:21:34,734.2,118.4,2.75E-04,17.53,17.55,17.53,3.5,3.5,3.5,0.00E+00,0.00E+00,0.00E+00
1111,11:21:36,734.2,115.2,2.69E-04,17.55,17.57,17.55,1.8,1.8,1.8,0.00E+00,0.00E+00,0.00E+00
1112,11:21:37,734.2,143.4,2.63E-04,17.57,17.59,17.58,0.3,0.3,0.3,0.00E+00,0.00E+00,0.00E+00
1115,11:21:39,734.2,129.0,2.75E-04,17.56,17.59,17.56,1.6,3.0,2.3,0.00E+00,0.00E+00,0.00E+00
1119,11:21:42,734.2,129.0,2.75E-04,17.54,17.56,17.55,1.1,1.1,1.1,0.00E+00,0.00E+00,0.00E+00
1120,11:21:42,734.2,89.8,2.75E-04,17.55,17.55,17.55,1.2,1.2,1.2,0.00E+00,0.00E+00,0.00E+00
1123,11:21:44,734.2,123.9,2.82E-04,17.52,17.55,17.53,2.6,5.4,4.0,0.00E+00,0.00E+00,0.00E+00
1124,11:21:45,734.2,108.2,2.75E-04,17.54,17.55,17.54,4.0,4.0,4.0,0.00E+00,0.00E+00,0.00E+00
1127,11:21:47,734.2,105.8,2.88E-04,17.52,17.55,17.53,3.2,3.2,3.2,0.00E+00,0.00E+00,0.00E+00
1132,11:21:50,734.2,120.2,2.63E-04,17.52,17.58,17.52,6.2,6.2,6.2,0.00E+00,0.00E+00,0.00E+00
1133,11:21:51,734.2,135.6,2.63E-04,17.58,17.58,17.58,2.1,2.1,2.1,0.00E+00,0.00E+00,0.00E+00
1135,11:21:52,734.2,97.9,2.82E-04,17.54,17.58,17.54,1.2,1.8,1.5,0.00E+00,0.00E+00,0.00E+00
1139,11:21:55,734.2,124.8,2.69E-04,17.52,17.55,17.53,3.9,3.9,3.9,0.00E+00,0.00E+00,0.00E+00
1140,11:21:56,734.2,124.6,2.75E-04,17.55,17.55,17.55,2.3,2.3,2.3,0.00E+00,0.00E+00,0.00E+00
1142,11:21:57,734.2,111.4,2.82E-04,17.53,17.55,17.53,4.2,4.2,4.2,0.00E+00,0.00E+00,0.00E+00
1143,11:21:58,734.2,120.0,2.82E-04,17.53,17.53,17.53,0.3,0.3,0.3,0.00E+00,0.00E+00,0.00E+00
1146,11:22:00,734.2,90.2,2.82E-04,17.53,17.54,17.53,3.9,3.9,3.9,0.00E+00,0.00E+00,0.00E+00
1147,11:22:00,734.2,133.8,2.82E-04,17.53,17.53,17.53,0.6,0.6,0.6,0.00E+00,0.00E+00,0.00E+00
1150,11:22:02,734.2,105.6,2.95E-04,17.51,17.53,17.51,0.5,3.3,1.9,0.00E+00,0.00E+00,0.00E+00
1152,11:22:04,734.2,114.0,2.82E-04,17.51,17.52,17.51,2.5,2.5,2.5,0.00E+00,0.00E+00,0.00E+00
1154,11:22:05,734.2,123.4,2.95E-04,17.51,17.54,17.53,1.7,4.2,2.9,0.00E+00,0.00E+00,0.00E+00
1158,11:22:07,734.2,120.2,2.82E-04,17.51,17.54,17.52,4.5,4.5,4.5,0.00E+00,0.00E+00,0.00E+00
1159,11:22:08,734.2,122.2,2.88E-04,17.52,17.54,17.52,5.8,5.8,5.8,0.00E+00,0.00E+00,0.00E+00
1161,11:22:10,734.2,120.4,2.88E-04,17.52,17.52,17.52,0.1,0.1,0.1,0.00E+00,0.00E+00,0.00E+00
1163,11:22:11,734.2,114.0,2.82E-04,17.52,17.54,17.53,4.0,4.4,4.2,0.00E+00,0.00E+00,0.00E+00
1165,11:22:12,734.2,151.8,2.88E-04,17.52,17.54,17.52,2.5,2.5,2.5,0.00E+00,0.00E+00,0.00E+00
1167,11:22:14,734.2,123.0,2.82E-04,17.52,17.54,17.53,3.0,3.0,3.0,0.00E+00,0.00E+00,0.00E+00
1168,11:22:15,734.2,150.8,2.82E-04,17.54,17.54,17.54,5.9,5.9,5.9,0.00E+00,0.00E+00,0.00E+00
1169,11:22:15,734.2,138.4,2.82E-04,17.53,17.54,17.53,2.2,2.2,2.2,0.00E+00,0.00E+00,0.00E+00
1173,11:22:18,734.2,135.0,2.75E-04,17.53,17.55,17.54,2.1,2.1,2.1,0.00E+00,0.00E+00,0.00E+00
1174,11:22:19,734.2,145.6,2.88E-04,17.52,17.52,17.52,0.5,0.5,0.5,0.00E+00,0.00E+00,0.00E+00
1176,11:22:20,734.2,127.4,2.82E-04,17.52,17.54,17.53,1.6,2.7,2.1,0.00E+00,0.00E+00,0.00E+00
1178,11:22:21,734.2,106.8,2.75E-04,17.54,17.55,17.54,0.2,0.2,0.2,0.00E+00,0.00E+00,0.00E+00
1180,11:22:23,734.2,113.2,2.82E-04,17.53,17.55,17.54,0.5,0.5,0.5,0.00E+00,0.00E+00,0.00E+00
1181,11:22:24,734.2,85.4,2.82E-04,17.53,17.53,17.53,3.9,3.9,3.9,0.00E+00,0.00E+00,0.00E+00
1184,11:22:26,734.2,109.0,2.75E-04,17.53,17.55,17.54,1.5,1.5,1.5,0.00E+00,0.00E+00,0.00E+00
1185,11:22:26,734.2,122.0,2.75E-04,17.55,17.55,17.55,1.1,1.1,1.1,0.00E+00,0.00E+00,0.00E+00
1187,11:22:28,734.2,125.6,2.69E-04,17.55,17.56,17.55,2.9,2.9,2.9,0.00E+00,0.00E+00,0.00E+00
1193,11:22:31,734.2,116.0,2.63E-04,17.54,17.58,17.56,0.3,2.4,1.3,0.00E+00,0.00E+00,0.00E+00
1196,11:22:33,734.2,116.6,2.69E-04,17.56,17.58,17.56,1.0,1.0,1.0,0.00E+00,0.00E+00,0.00E+00
1198,11:22:35,734.2,105.8,2.75E-04,17.55,17.56,17.55,3.5,3.5,3.5,0.00E+00,0.00E+00,0.00E+00
